1;0.0;DBCDEDBCBCCECEBEBDCBCCCDCBBBBEDDBEDEDEEBCCBBCCCBEDEEDDCDBECBÀ
2;0.0;DBCDEDBCBCCECEBEBDCBCCCDCBBBBEDDBEDEDEEBCCBBCCCBEDEEDDCDBECB
3;0.0;DBCDEDBCBCCECEBEBDCBCCCDCBBBBEDDBEDEDEEBCCBBCCCBEDEEDDCDBECB
4;0.0;DBCDEDBCBCCECEBEBDCBCCCDCBBBBEDDBEDEDEEBCCBBCCCBEDEEDDCDBECB
5;0.0;DBCDEDBCBCCECEBEBDCBCCCDCBBBBEDDBEDEDEEBCCBBCCCBEDEEDDCDBECBd
6;0.0;DBCDEDBCBCCECEBEBDCBCCCDCBBBBEDDBEDEDEEBCCBBCCCBEDEEDDCDBECB
7;0.0;DBCDEDBCBCCECEBEBDCBCCCDCBBBBEDDBEDEDEEBCCBBCCCBEDEEDDCDBECB
8;0.0;DBCDEDBCBCCECEBEBDCBCCCDCBBBBEDDBEDEDEEBCCBBCCCBEDEEDDCDBECBB!
9;0.0;DBCDEDBCBCCECEBEBDCBCCCDCBBBBEDDBEDEDEEBCCBBCCCBEDEEDDCDBECB
10;0.0;DBCDEDBCBCCECEBEBDCBCCCDCBBBBEDDBEDEDEEBCCBBCCCBEDEEDDCDBECBDEDDú\sBI
11;0.0;DBCDEDBCBCCECEBEBDCBCCCDCBBBBEDDBEDEDEEBCCBBCCCBEDEEDDCDBECBC1
12;0.0;DBCDEDBCBCCECEBEBDCBCCCDCBBBBEDDBEDEDEEBCCBBCCCBEDEEDDCDBECB
13;0.0;DBCDEDBCBCCECEBEBDCBCCCDCBBBBEDDBEDEDEEBCCBBCCCBEDEEDDCDBECBEDEBÄ-…EC
14;0.0;DBCDEDBCBCCECEBEBDCBCCCDCBBBBEDDBEDEDEEBCCBBCCCBEDEEDDCDBECB
15;0.0;DBCDEDBCBCCECEBEBDCBCCCDCBBBBEDDBEDEDEEBCCBBCCCBEDEEDDCDBECB
16;0.0;DBCDEDBCBCCECEBEBDCBCCCDCBBBBEDDBEDEDEEBCCBBCCCBEDEEDDCDBECB
17;0.0;DBCDEDBCBCCECEBEBDCBCCCDCBBBBEDDBEDEDEEBCCBBCCCBEDEEDDCDBECBDDBC,ÂC 
18;0.0;DBCDEDBCBCCECEBEBDCBCCCDCBBBBEDDBEDEDEEBCCBBCCCBEDEEDDCDBECB
19;0.0;DBCDEDBCBCCECEBEBDCBCCCDCBBBBEDDBEDEDEEBCCBBCCCBEDEEDDCDBECB
20;0.0;DBCDEDBCBCCECEBEBDCBCCCDCBBBBEDDBEDEDEEBCCBBCCCBEDEEDDCDBECB
21;0.0;DBCDEDBCBCCECEBEBDCBCCCDCBBBBEDDBEDEDEEBCCBBCCCBEDEEDDCDBECBh;Ú
22;0.0;DBCDEDBCBCCECEBEBDCBCCCDCBBBBEDDBEDEDEEBCCBBCCCBEDEEDDCDBECB
23;0.0;DBCDEDBCBCCECEBEBDCBCCCDCBBBBEDDBEDEDEEBCCBBCCCBEDEEDDCDBECB
24;0.0;DBCDEDBCBCCECEBEBDCBCCCDCBBBBEDDBEDEDEEBCCBBCCCBEDEEDDCDBECBEBCB].ER
25;0.0;DBCDEDBCBCCECEBEBDCBCCCDCBBBBEDDBEDEDEEBCCBBCCCBEDEEDDCDBECB
26;0.0;DBCDEDBCBCCECEBEBDCBCCCDCBBBBEDDBEDEDEEBCCBBCCCBEDEEDDCDBECB
27;0.0;DBCDEDBCBCCECEBEBDCBCCCDCBBBBEDDBEDEDEEBCCBBCCCBEDEEDDCDBECB
28;0.0;DBCDEDBCBCCECEBEBDCBCCCDCBBBBEDDBEDEDEEBCCBBCCCBEDEEDDCDBECBCEBC¡-˜CF
29;0.0;DBCDEDBCBCCECEBEBDCBCCCDCBBBBEDDBEDEDEEBCCBBCCCBEDEEDDCDBECBUÚ
30;0.0;DBCDEDBCBCCECEBEBDCBCCCDCBBBBEDDBEDEDEEBCCBBCCCBEDEEDDCDBECB
31;0.0;DBCDEDBCBCCECEBEBDCBCCCDCBBBBEDDBEDEDEEBCCBBCCCBEDEEDDCDBECB
32;0.0;DBCDEDBCBCCECEBEBDCBCCCDCBBBBEDDBEDEDEEBCCBBCCCBEDEEDDCDBECBd
33;0.0;DBCDEDBCBCCECEBEBDCBCCCDCBBBBEDDBEDEDEEBCCBBCCCBEDEEDDCDBECB
34;0.0;DBCDEDBCBCCECEBEBDCBCCCDCBBBBEDDBEDEDEEBCCBBCCCBEDEEDDCDBECB
35;0.0;DBCDEDBCBCCECEBEBDCBCCCDCBBBBEDDBEDEDEEBCCBBCCCBEDEEDDCDBECB
36;0.0;DBCDEDBCBCCECEBEBDCBCCCDCBBBBEDDBEDEDEEBCCBBCCCBEDEEDDCDBECBBDCDb._CM
37;0.0;DBCDEDBCBCCECEBEBDCBCCCDCBBBBEDDBEDEDEEBCCBBCCCBEDEEDDCDBECB
38;0.0;DBCDEDBCBCCECEBEBDCBCCCDCBBBBEDDBEDEDEEBCCBBCCCBEDEEDDCDBECB
39;0.0;DBCDEDBCBCCECEBEBDCBCCCDCBBBBEDDBEDEDEEBCCBBCCCBEDEEDDCDBECB
40;0.0;DBCDEDBCBCCECEBEBDCBCCCDCBBBBEDDBEDEDEEBCCBBCCCBEDEEDDCDBECBCCBC2,ïB
41;0.0;DBCDEDBCBCCECEBEBDCBCCCDCBBBBEDDBEDEDEEBCCBBCCCBEDEEDDCDBECB
42;0.0;DBCDEDBCBCCECEBEBDCBCCCDCBBBBEDDBEDEDEEBCCBBCCCBEDEEDDCDBECB
43;0.0;DBCDEDBCBCCECEBEBDCBCCCDCBBBBEDDBEDEDEEBCCBBCCCBEDEEDDCDBECB
44;0.0;DBCDEDBCBCCECEBEBDCBCCCDCBBBBEDDBEDEDEEBCCBBCCCBEDEEDDCDBECB
45;0.0;DBCDEDBCBCCECEBEBDCBCCCDCBBBBEDDBEDEDEEBCCBBCCCBEDEEDDCDBECBd
46;0.0;DBCDEDBCBCCECEBEBDCBCCCDCBBBBEDDBEDEDEEBCCBBCCCBEDEEDDCDBECB
47;0.0;DBCDEDBCBCCECEBEBDCBCCCDCBBBBEDDBEDEDEEBCCBBCCCBEDEEDDCDBECB
48;0.0;DBCDEDBCBCCECEBEBDCBCCCDCBBBBEDDBEDEDEEBCCBBCCCBEDEEDDCDBECBDDDDp.)CO
49;0.0;DBCDEDBCBCCECEBEBDCBCCCDCBBBBEDDBEDEDEEBCCBBCCCBEDEEDDCDBECB`WÚ
50;0.0;DBCDEDBCBCCECEBEBDCBCCCDCBBBBEDDBEDEDEEBCCBBCCCBEDEEDDCDBECB
51;0.0;DBCDEDBCBCCECEBEBDCBCCCDCBBBBEDDBEDEDEEBCCBBCCCBEDEEDDCDBECB
52;0.0;DBCDEDBCBCCECEBEBDCBCCCDCBBBBEDDBEDEDEEBCCBBCCCBEDEEDDCDBECBd
53;0.0;DBCDEDBCBCCECEBEBDCBCCCDCBBBBEDDBEDEDEEBCCBBCCCBEDEEDDCDBECB0<Ú
54;0.0;DBCDEDBCBCCECEBEBDCBCCCDCBBBBEDDBEDEDEEBCCBBCCCBEDEEDDCDBECB
55;0.0;DBCDEDBCBCCECEBEBDCBCCCDCBBBBEDDBEDEDEEBCCBBCCCBEDEEDDCDBECB
56;0.0;DBCDEDBCBCCECEBEBDCBCCCDCBBBBEDDBEDEDEEBCCBBCCCBEDEEDDCDBECB
57;0.0;DBCDEDBCBCCECEBEBDCBCCCDCBBBBEDDBEDEDEEBCCBBCCCBEDEEDDCDBECB
58;0.0;DBCDEDBCBCCECEBEBDCBCCCDCBBBBEDDBEDEDEEBCCBBCCCBEDEEDDCDBECB
59;0.0;DBCDEDBCBCCECEBEBDCBCCCDCBBBBEDDBEDEDEEBCCBBCCCBEDEEDDCDBECB
60;0.0;DBCDEDBCBCCECEBEBDCBCCCDCBBBBEDDBEDEDEEBCCBBCCCBEDEEDDCDBECB
61;0.0;DBCDEDBCBCCECEBEBDCBCCCDCBBBBEDDBEDEDEEBCCBBCCCBEDEEDDCDBECB
62;0.0;DBCDEDBCBCCECEBEBDCBCCCDCBBBBEDDBEDEDEEBCCBBCCCBEDEEDDCDBECB
63;0.0;DBCDEDBCBCCECEBEBDCBCCCDCBBBBEDDBEDEDEEBCCBBCCCBEDEEDDCDBECB
64;0.0;DBCDEDBCBCCECEBEBDCBCCCDCBBBBEDDBEDEDEEBCCBBCCCBEDEEDDCDBECBd
65;0.0;DBCDEDBCBCCECEBEBDCBCCCDCBBBBEDDBEDEDEEBCCBBCCCBEDEEDDCDBECB
66;0.0;DBCDEDBCBCCECEBEBDCBCCCDCBBBBEDDBEDEDEEBCCBBCCCBEDEEDDCDBECB
67;0.0;DBCDEDBCBCCECEBEBDCBCCCDCBBBBEDDBEDEDEEBCCBBCCCBEDEEDDCDBECB
68;0.0;DBCDEDBCBCCECEBEBDCBCCCDCBBBBEDDBEDEDEEBCCBBCCCBEDEEDDCDBECBDDDDp.)CO
69;0.0;DBCDEDBCBCCECEBEBDCBCCCDCBBBBEDDBEDEDEEBCCBBCCCBEDEEDDCDBECB
70;0.0;DBCDEDBCBCCECEBEBDCBCCCDCBBBBEDDBEDEDEEBCCBBCCCBEDEEDDCDBECB
71;0.0;DBCDEDBCBCCECEBEBDCBCCCDCBBBBEDDBEDEDEEBCCBBCCCBEDEEDDCDBECB
72;0.0;DBCDEDBCBCCECEBEBDCBCCCDCBBBBEDDBEDEDEEBCCBBCCCBEDEEDDCDBECBDBCEo-RE0
73;0.0;DBCDEDBCBCCECEBEBDCBCCCDCBBBBEDDBEDEDEEBCCBBCCCBEDEEDDCDBECBEBBB‹,vE,
74;0.0;DBCDEDBCBCCECEBEBDCBCCCDCBBBBEDDBEDEDEEBCCBBCCCBEDEEDDCDBECB
75;0.0;DBCDEDBCBCCECEBEBDCBCCCDCBBBBEDDBEDEDEEBCCBBCCCBEDEEDDCDBECB
76;0.0;DBCDEDBCBCCECEBEBDCBCCCDCBBBBEDDBEDEDEEBCCBBCCCBEDEEDDCDBECBDDDDp.)CO
77;0.0;DBCDEDBCBCCECEBEBDCBCCCDCBBBBEDDBEDEDEEBCCBBCCCBEDEEDDCDBECBEBCB].ER
78;0.0;DBCDEDBCBCCECEBEBDCBCCCDCBBBBEDDBEDEDEEBCCBBCCCBEDEEDDCDBECB
79;0.0;DBCDEDBCBCCECEBEBDCBCCCDCBBBBEDDBEDEDEEBCCBBCCCBEDEEDDCDBECB
80;0.0;DBCDEDBCBCCECEBEBDCBCCCDCBBBBEDDBEDEDEEBCCBBCCCBEDEEDDCDBECBECDD}-,B2
81;0.0;DBCDEDBCBCCECEBEBDCBCCCDCBBBBEDDBEDEDEEBCCBBCCCBEDEEDDCDBECBCEEB-ÏC=
82;0.0;DBCDEDBCBCCECEBEBDCBCCCDCBBBBEDDBEDEDEEBCCBBCCCBEDEEDDCDBECB
83;0.0;DBCDEDBCBCCECEBEBDCBCCCDCBBBBEDDBEDEDEEBCCBBCCCBEDEEDDCDBECB
84;0.0;DBCDEDBCBCCECEBEBDCBCCCDCBBBBEDDBEDEDEEBCCBBCCCBEDEEDDCDBECBBECBÊ,·E%
85;0.0;DBCDEDBCBCCECEBEBDCBCCCDCBBBBEDDBEDEDEEBCCBBCCCBEDEEDDCDBECBCDDCä,¥E#
86;0.0;DBCDEDBCBCCECEBEBDCBCCCDCBBBBEDDBEDEDEEBCCBBCCCBEDEEDDCDBECB
87;0.0;DBCDEDBCBCCECEBEBDCBCCCDCBBBBEDDBEDEDEEBCCBBCCCBEDEEDDCDBECB
88;0.0;DBCDEDBCBCCECEBEBDCBCCCDCBBBBEDDBEDEDEEBCCBBCCCBEDEEDDCDBECB0<Ú
89;0.0;DBCDEDBCBCCECEBEBDCBCCCDCBBBBEDDBEDEDEEBCCBBCCCBEDEEDDCDBECBX<Ú
90;0.0;DBCDEDBCBCCECEBEBDCBCCCDCBBBBEDDBEDEDEEBCCBBCCCBEDEEDDCDBECB
91;0.0;DBCDEDBCBCCECEBEBDCBCCCDCBBBBEDDBEDEDEEBCCBBCCCBEDEEDDCDBECB
92;0.0;DBCDEDBCBCCECEBEBDCBCCCDCBBBBEDDBEDEDEEBCCBBCCCBEDEEDDCDBECBECCC…-DBJ
93;0.0;DBCDEDBCBCCECEBEBDCBCCCDCBBBBEDDBEDEDEEBCCBBCCCBEDEEDDCDBECBDDCCy. DN
94;0.0;DBCDEDBCBCCECEBEBDCBCCCDCBBBBEDDBEDEDEEBCCBBCCCBEDEEDDCDBECB
95;0.0;DBCDEDBCBCCECEBEBDCBCCCDCBBBBEDDBEDEDEEBCCBBCCCBEDEEDDCDBECB
96;0.0;DBCDEDBCBCCECEBEBDCBCCCDCBBBBEDDBEDEDEEBCCBBCCCBEDEEDDCDBECB
97;0.0;DBCDEDBCBCCECEBEBDCBCCCDCBBBBEDDBEDEDEEBCCBBCCCBEDEEDDCDBECBCCEEk.VDL
98;0.0;DBCDEDBCBCCECEBEBDCBCCCDCBBBBEDDBEDEDEEBCCBBCCCBEDEEDDCDBECB
99;0.0;DBCDEDBCBCCECEBEBDCBCCCDCBBBBEDDBEDEDEEBCCBBCCCBEDEEDDCDBECBŒ
100;0.0;DBCDEDBCBCCECEBEBDCBCCCDCBBBBEDDBEDEDEEBCCBBCCCBEDEEDDCDBECBBBDDí,ÜB"
101;0.0;DBCDEDBCBCCECEBEBDCBCCCDCBBBBEDDBEDEDEEBCCBBCCCBEDEEDDCDBECBEDDB>-ãE9
102;0.0;DBCDEDBCBCCECEBEBDCBCCCDCBBBBEDDBEDEDEEBCCBBCCCBEDEEDDCDBECB
103;0.0;DBCDEDBCBCCECEBEBDCBCCCDCBBBBEDDBEDEDEEBCCBBCCCBEDEEDDCDBECB
104;0.0;DBCDEDBCBCCECEBEBDCBCCCDCBBBBEDDBEDEDEEBCCBBCCCBEDEEDDCDBECBBDCDb._CM
105;0.0;DBCDEDBCBCCECEBEBDCBCCCDCBBBBEDDBEDEDEEBCCBBCCCBEDEEDDCDBECBDDCCy. DN
106;0.0;DBCDEDBCBCCECEBEBDCBCCCDCBBBBEDDBEDEDEEBCCBBCCCBEDEEDDCDBECB
107;0.0;DBCDEDBCBCCECEBEBDCBCCCDCBBBBEDDBEDEDEEBCCBBCCCBEDEEDDCDBECB
108;0.0;DBCDEDBCBCCECEBEBDCBCCCDCBBBBEDDBEDEDEEBCCBBCCCBEDEEDDCDBECBDCBE5-ôD:
109;0.0;DBCDEDBCBCCECEBEBDCBCCCDCBBBBEDDBEDEDEEBCCBBCCCBEDEEDDCDBECBBEEBÿ-¢C@
110;0.0;DBCDEDBCBCCECEBEBDCBCCCDCBBBBEDDBEDEDEEBCCBBCCCBEDEEDDCDBECB
111;0.0;DBCDEDBCBCCECEBEBDCBCCCDCBBBBEDDBEDEDEEBCCBBCCCBEDEEDDCDBECB
112;0.0;DBCDEDBCBCCECEBEBDCBCCCDCBBBBEDDBEDEDEEBCCBBCCCBEDEEDDCDBECBCBBBó,®B$
113;0.0;DBCDEDBCBCCECEBEBDCBCCCDCBBBBEDDBEDEDEEBCCBBCCCBEDEEDDCDBECBBBBBØ,D'
114;0.0;DBCDEDBCBCCECEBEBDCBCCCDCBBBBEDDBEDEDEEBCCBBCCCBEDEEDDCDBECB
115;0.0;DBCDEDBCBCCECEBEBDCBCCCDCBBBBEDDBEDEDEEBCCBBCCCBEDEEDDCDBECB
116;0.0;DBCDEDBCBCCECEBEBDCBCCCDCBBBBEDDBEDEDEEBCCBBCCCBEDEEDDCDBECBh;Ú
117;0.0;DBCDEDBCBCCECEBEBDCBCCCDCBBBBEDDBEDEDEEBCCBBCCCBEDEEDDCDBECB
118;0.0;DBCDEDBCBCCECEBEBDCBCCCDCBBBBEDDBEDEDEEBCCBBCCCBEDEEDDCDBECB
119;0.0;DBCDEDBCBCCECEBEBDCBCCCDCBBBBEDDBEDEDEEBCCBBCCCBEDEEDDCDBECB
120;0.0;DBCDEDBCBCCECEBEBDCBCCCDCBBBBEDDBEDEDEEBCCBBCCCBEDEEDDCDBECBCBDCt-5C3
121;0.0;DBCDEDBCBCCECEBEBDCBCCCDCBBBBEDDBEDEDEEBCCBBCCCBEDEEDDCDBECBBCCEQ-C6
122;0.0;DBCDEDBCBCCECEBEBDCBCCCDCBBBBEDDBEDEDEEBCCBBCCCBEDEEDDCDBECB
123;0.0;DBCDEDBCBCCECEBEBDCBCCCDCBBBBEDDBEDEDEEBCCBBCCCBEDEEDDCDBECB
124;0.0;DBCDEDBCBCCECEBEBDCBCCCDCBBBBEDDBEDEDEEBCCBBCCCBEDEEDDCDBECBBEEBÿ-¢C@
125;0.0;DBCDEDBCBCCECEBEBDCBCCCDCBBBBEDDBEDEDEEBCCBBCCCBEDEEDDCDBECBEDDB>-ãE9
126;0.0;DBCDEDBCBCCECEBEBDCBCCCDCBBBBEDDBEDEDEEBCCBBCCCBEDEEDDCDBECB
127;0.0;DBCDEDBCBCCECEBEBDCBCCCDCBBBBEDDBEDEDEEBCCBBCCCBEDEEDDCDBECB
128;0.0;DBCDEDBCBCCECEBEBDCBCCCDCBBBBEDDBEDEDEEBCCBBCCCBEDEEDDCDBECBEDBDª-—BE
129;0.0;DBCDEDBCBCCECEBEBDCBCCCDCBBBBEDDBEDEDEEBCCBBCCCBEDEEDDCDBECBCCEEk.VDL
130;0.0;DBCDEDBCBCCECEBEBDCBCCCDCBBBBEDDBEDEDEEBCCBBCCCBEDEEDDCDBECB
131;0.0;DBCDEDBCBCCECEBEBDCBCCCDCBBBBEDDBEDEDEEBCCBBCCCBEDEEDDCDBECB
132;0.0;DBCDEDBCBCCECEBEBDCBCCCDCBBBBEDDBEDEDEEBCCBBCCCBEDEEDDCDBECB
133;0.0;DBCDEDBCBCCECEBEBDCBCCCDCBBBBEDDBEDEDEEBCCBBCCCBEDEEDDCDBECB
134;0.0;DBCDEDBCBCCECEBEBDCBCCCDCBBBBEDDBEDEDEEBCCBBCCCBEDEEDDCDBECB
135;0.0;DBCDEDBCBCCECEBEBDCBCCCDCBBBBEDDBEDEDEEBCCBBCCCBEDEEDDCDBECB
136;0.0;DBCDEDBCBCCECEBEBDCBCCCDCBBBBEDDBEDEDEEBCCBBCCCBEDEEDDCDBECB
137;0.0;DBCDEDBCBCCECEBEBDCBCCCDCBBBBEDDBEDEDEEBCCBBCCCBEDEEDDCDBECBX<Ú
138;0.0;DBCDEDBCBCCECEBEBDCBCCCDCBBBBEDDBEDEDEEBCCBBCCCBEDEEDDCDBECB
139;0.0;DBCDEDBCBCCECEBEBDCBCCCDCBBBBEDDBEDEDEEBCCBBCCCBEDEEDDCDBECB
140;0.0;DBCDEDBCBCCECEBEBDCBCCCDCBBBBEDDBEDEDEEBCCBBCCCBEDEEDDCDBECB
141;0.0;DBCDEDBCBCCECEBEBDCBCCCDCBBBBEDDBEDEDEEBCCBBCCCBEDEEDDCDBECBd
142;0.0;DBCDEDBCBCCECEBEBDCBCCCDCBBBBEDDBEDEDEEBCCBBCCCBEDEEDDCDBECB
143;0.0;DBCDEDBCBCCECEBEBDCBCCCDCBBBBEDDBEDEDEEBCCBBCCCBEDEEDDCDBECB
144;0.0;DBCDEDBCBCCECEBEBDCBCCCDCBBBBEDDBEDEDEEBCCBBCCCBEDEEDDCDBECBDDCCö-«CA
145;0.0;DBCDEDBCBCCECEBEBDCBCCCDCBBBBEDDBEDEDEEBCCBBCCCBEDEEDDCDBECBDDDDp.)CO
146;0.0;DBCDEDBCBCCECEBEBDCBCCCDCBBBBEDDBEDEDEEBCCBBCCCBEDEEDDCDBECB
147;0.0;DBCDEDBCBCCECEBEBDCBCCCDCBBBBEDDBEDEDEEBCCBBCCCBEDEEDDCDBECB
148;0.0;DBCDEDBCBCCECEBEBDCBCCCDCBBBBEDDBEDEDEEBCCBBCCCBEDEEDDCDBECBd
149;0.0;DBCDEDBCBCCECEBEBDCBCCCDCBBBBEDDBEDEDEEBCCBBCCCBEDEEDDCDBECB
150;0.0;DBCDEDBCBCCECEBEBDCBCCCDCBBBBEDDBEDEDEEBCCBBCCCBEDEEDDCDBECB
151;0.0;DBCDEDBCBCCECEBEBDCBCCCDCBBBBEDDBEDEDEEBCCBBCCCBEDEEDDCDBECB
152;0.0;DBCDEDBCBCCECEBEBDCBCCCDCBBBBEDDBEDEDEEBCCBBCCCBEDEEDDCDBECB
153;0.0;DBCDEDBCBCCECEBEBDCBCCCDCBBBBEDDBEDEDEEBCCBBCCCBEDEEDDCDBECBBDCDb._CM
154;0.0;DBCDEDBCBCCECEBEBDCBCCCDCBBBBEDDBEDEDEEBCCBBCCCBEDEEDDCDBECB
155;0.0;DBCDEDBCBCCECEBEBDCBCCCDCBBBBEDDBEDEDEEBCCBBCCCBEDEEDDCDBECB
156;0.0;DBCDEDBCBCCECEBEBDCBCCCDCBBBBEDDBEDEDEEBCCBBCCCBEDEEDDCDBECBBEEBÿ-¢C@
157;0.0;DBCDEDBCBCCECEBEBDCBCCCDCBBBBEDDBEDEDEEBCCBBCCCBEDEEDDCDBECBDEBBà-ÙB?
158;0.0;DBCDEDBCBCCECEBEBDCBCCCDCBBBBEDDBEDEDEEBCCBBCCCBEDEEDDCDBECB
159;0.0;DBCDEDBCBCCECEBEBDCBCCCDCBBBBEDDBEDEDEEBCCBBCCCBEDEEDDCDBECB
160;0.0;DBCDEDBCBCCECEBEBDCBCCCDCBBBBEDDBEDEDEEBCCBBCCCBEDEEDDCDBECB
161;0.0;DBCDEDBCBCCECEBEBDCBCCCDCBBBBEDDBEDEDEEBCCBBCCCBEDEEDDCDBECBh@Ú
162;0.0;DBCDEDBCBCCECEBEBDCBCCCDCBBBBEDDBEDEDEEBCCBBCCCBEDEEDDCDBECB
163;0.0;DBCDEDBCBCCECEBEBDCBCCCDCBBBBEDDBEDEDEEBCCBBCCCBEDEEDDCDBECB
164;0.0;DBCDEDBCBCCECEBEBDCBCCCDCBBBBEDDBEDEDEEBCCBBCCCBEDEEDDCDBECB
165;0.0;DBCDEDBCBCCECEBEBDCBCCCDCBBBBEDDBEDEDEEBCCBBCCCBEDEEDDCDBECB
166;0.0;DBCDEDBCBCCECEBEBDCBCCCDCBBBBEDDBEDEDEEBCCBBCCCBEDEEDDCDBECB
167;0.0;DBCDEDBCBCCECEBEBDCBCCCDCBBBBEDDBEDEDEEBCCBBCCCBEDEEDDCDBECB
168;0.0;DBCDEDBCBCCECEBEBDCBCCCDCBBBBEDDBEDEDEEBCCBBCCCBEDEEDDCDBECBCEBDœ-MBK
169;0.0;DBCDEDBCBCCECEBEBDCBCCCDCBBBBEDDBEDEDEEBCCBBCCCBEDEEDDCDBECB
170;0.0;DBCDEDBCBCCECEBEBDCBCCCDCBBBBEDDBEDEDEEBCCBBCCCBEDEEDDCDBECB
171;0.0;DBCDEDBCBCCECEBEBDCBCCCDCBBBBEDDBEDEDEEBCCBBCCCBEDEEDDCDBECB
172;0.0;DBCDEDBCBCCECEBEBDCBCCCDCBBBBEDDBEDEDEEBCCBBCCCBEDEEDDCDBECBDBDC
173;0.0;DBCDEDBCBCCECEBEBDCBCCCDCBBBBEDDBEDEDEEBCCBBCCCBEDEEDDCDBECB0<Ú
174;0.0;DBCDEDBCBCCECEBEBDCBCCCDCBBBBEDDBEDEDEEBCCBBCCCBEDEEDDCDBECB
175;0.0;DBCDEDBCBCCECEBEBDCBCCCDCBBBBEDDBEDEDEEBCCBBCCCBEDEEDDCDBECB
176;0.0;DBCDEDBCBCCECEBEBDCBCCCDCBBBBEDDBEDEDEEBCCBBCCCBEDEEDDCDBECB
177;0.0;DBCDEDBCBCCECEBEBDCBCCCDCBBBBEDDBEDEDEEBCCBBCCCBEDEEDDCDBECB
178;0.0;DBCDEDBCBCCECEBEBDCBCCCDCBBBBEDDBEDEDEEBCCBBCCCBEDEEDDCDBECB
179;0.0;DBCDEDBCBCCECEBEBDCBCCCDCBBBBEDDBEDEDEEBCCBBCCCBEDEEDDCDBECB
180;0.0;DBCDEDBCBCCECEBEBDCBCCCDCBBBBEDDBEDEDEEBCCBBCCCBEDEEDDCDBECBCCBC2,ïB
181;0.0;DBCDEDBCBCCECEBEBDCBCCCDCBBBBEDDBEDEDEEBCCBBCCCBEDEEDDCDBECB
182;0.0;DBCDEDBCBCCECEBEBDCBCCCDCBBBBEDDBEDEDEEBCCBBCCCBEDEEDDCDBECB
183;0.0;DBCDEDBCBCCECEBEBDCBCCCDCBBBBEDDBEDEDEEBCCBBCCCBEDEEDDCDBECB
184;0.0;DBCDEDBCBCCECEBEBDCBCCCDCBBBBEDDBEDEDEEBCCBBCCCBEDEEDDCDBECBCBECÍ-¼CB
185;0.0;DBCDEDBCBCCECEBEBDCBCCCDCBBBBEDDBEDEDEEBCCBBCCCBEDEEDDCDBECBBDDC·-jDH
186;0.0;DBCDEDBCBCCECEBEBDCBCCCDCBBBBEDDBEDEDEEBCCBBCCCBEDEEDDCDBECB
187;0.0;DBCDEDBCBCCECEBEBDCBCCCDCBBBBEDDBEDEDEEBCCBBCCCBEDEEDDCDBECB
188;0.0;DBCDEDBCBCCECEBEBDCBCCCDCBBBBEDDBEDEDEEBCCBBCCCBEDEEDDCDBECBEDEBÄ-…EC
189;0.0;DBCDEDBCBCCECEBEBDCBCCCDCBBBBEDDBEDEDEEBCCBBCCCBEDEEDDCDBECBCCEEk.VDL
190;0.0;DBCDEDBCBCCECEBEBDCBCCCDCBBBBEDDBEDEDEEBCCBBCCCBEDEEDDCDBECB
191;0.0;DBCDEDBCBCCECEBEBDCBCCCDCBBBBEDDBEDEDEEBCCBBCCCBEDEEDDCDBECB
192;0.0;DBCDEDBCBCCECEBEBDCBCCCDCBBBBEDDBEDEDEEBCCBBCCCBEDEEDDCDBECBCCEBT.BS
193;0.0;DBCDEDBCBCCECEBEBDCBCCCDCBBBBEDDBEDEDEEBCCBBCCCBEDEEDDCDBECBBBEBŽ-sCI
194;0.0;DBCDEDBCBCCECEBEBDCBCCCDCBBBBEDDBEDEDEEBCCBBCCCBEDEEDDCDBECB
195;0.0;DBCDEDBCBCCECEBEBDCBCCCDCBBBBEDDBEDEDEEBCCBBCCCBEDEEDDCDBECB
196;0.0;DBCDEDBCBCCECEBEBDCBCCCDCBBBBEDDBEDEDEEBCCBBCCCBEDEEDDCDBECBUÚ
197;0.0;DBCDEDBCBCCECEBEBDCBCCCDCBBBBEDDBEDEDEEBCCBBCCCBEDEEDDCDBECB
198;0.0;DBCDEDBCBCCECEBEBDCBCCCDCBBBBEDDBEDEDEEBCCBBCCCBEDEEDDCDBECB
199;0.0;DBCDEDBCBCCECEBEBDCBCCCDCBBBBEDDBEDEDEEBCCBBCCCBEDEEDDCDBECB
200;0.0;DBCDEDBCBCCECEBEBDCBCCCDCBBBBEDDBEDEDEEBCCBBCCCBEDEEDDCDBECBEDEBÄ-…EC
201;0.0;DBCDEDBCBCCECEBEBDCBCCCDCBBBBEDDBEDEDEEBCCBBCCCBEDEEDDCDBECBEBCB].ER
202;0.0;DBCDEDBCBCCECEBEBDCBCCCDCBBBBEDDBEDEDEEBCCBBCCCBEDEEDDCDBECB
203;0.0;DBCDEDBCBCCECEBEBDCBCCCDCBBBBEDDBEDEDEEBCCBBCCCBEDEEDDCDBECB
204;0.0;DBCDEDBCBCCECEBEBDCBCCCDCBBBBEDDBEDEDEEBCCBBCCCBEDEEDDCDBECBBDCDb._CM
205;0.0;DBCDEDBCBCCECEBEBDCBCCCDCBBBBEDDBEDEDEEBCCBBCCCBEDEEDDCDBECBCEBDœ-MBK
206;0.0;DBCDEDBCBCCECEBEBDCBCCCDCBBBBEDDBEDEDEEBCCBBCCCBEDEEDDCDBECB
207;0.0;DBCDEDBCBCCECEBEBDCBCCCDCBBBBEDDBEDEDEEBCCBBCCCBEDEEDDCDBECB
208;0.0;DBCDEDBCBCCECEBEBDCBCCCDCBBBBEDDBEDEDEEBCCBBCCCBEDEEDDCDBECB
209;0.0;DBCDEDBCBCCECEBEBDCBCCCDCBBBBEDDBEDEDEEBCCBBCCCBEDEEDDCDBECB
210;0.0;DBCDEDBCBCCECEBEBDCBCCCDCBBBBEDDBEDEDEEBCCBBCCCBEDEEDDCDBECB
211;0.0;DBCDEDBCBCCECEBEBDCBCCCDCBBBBEDDBEDEDEEBCCBBCCCBEDEEDDCDBECB
212;0.0;DBCDEDBCBCCECEBEBDCBCCCDCBBBBEDDBEDEDEEBCCBBCCCBEDEEDDCDBECB
213;0.0;DBCDEDBCBCCECEBEBDCBCCCDCBBBBEDDBEDEDEEBCCBBCCCBEDEEDDCDBECBd
214;0.0;DBCDEDBCBCCECEBEBDCBCCCDCBBBBEDDBEDEDEEBCCBBCCCBEDEEDDCDBECB
215;0.0;DBCDEDBCBCCECEBEBDCBCCCDCBBBBEDDBEDEDEEBCCBBCCCBEDEEDDCDBECB
216;0.0;DBCDEDBCBCCECEBEBDCBCCCDCBBBBEDDBEDEDEEBCCBBCCCBEDEEDDCDBECBBECDé-ÐB>
217;0.0;DBCDEDBCBCCECEBEBDCBCCCDCBBBBEDDBEDEDEEBCCBBCCCBEDEEDDCDBECBBEEBÿ-¢C@
218;0.0;DBCDEDBCBCCECEBEBDCBCCCDCBBBBEDDBEDEDEEBCCBBCCCBEDEEDDCDBECB
219;0.0;DBCDEDBCBCCECEBEBDCBCCCDCBBBBEDDBEDEDEEBCCBBCCCBEDEEDDCDBECB
220;0.0;DBCDEDBCBCCECEBEBDCBCCCDCBBBBEDDBEDEDEEBCCBBCCCBEDEEDDCDBECB
221;0.0;DBCDEDBCBCCECEBEBDCBCCCDCBBBBEDDBEDEDEEBCCBBCCCBEDEEDDCDBECB
222;0.0;DBCDEDBCBCCECEBEBDCBCCCDCBBBBEDDBEDEDEEBCCBBCCCBEDEEDDCDBECB
223;0.0;DBCDEDBCBCCECEBEBDCBCCCDCBBBBEDDBEDEDEEBCCBBCCCBEDEEDDCDBECB
224;0.0;DBCDEDBCBCCECEBEBDCBCCCDCBBBBEDDBEDEDEEBCCBBCCCBEDEEDDCDBECB
225;0.0;DBCDEDBCBCCECEBEBDCBCCCDCBBBBEDDBEDEDEEBCCBBCCCBEDEEDDCDBECBBBEBŽ-sCI
226;0.0;DBCDEDBCBCCECEBEBDCBCCCDCBBBBEDDBEDEDEEBCCBBCCCBEDEEDDCDBECB
227;0.0;DBCDEDBCBCCECEBEBDCBCCCDCBBBBEDDBEDEDEEBCCBBCCCBEDEEDDCDBECB
228;0.0;DBCDEDBCBCCECEBEBDCBCCCDCBBBBEDDBEDEDEEBCCBBCCCBEDEEDDCDBECBBBBBØ,D'
229;0.0;DBCDEDBCBCCECEBEBDCBCCCDCBBBBEDDBEDEDEEBCCBBCCCBEDEEDDCDBECBECDD}-,B2
230;0.0;DBCDEDBCBCCECEBEBDCBCCCDCBBBBEDDBEDEDEEBCCBBCCCBEDEEDDCDBECB
231;0.0;DBCDEDBCBCCECEBEBDCBCCCDCBBBBEDDBEDEDEEBCCBBCCCBEDEEDDCDBECB
232;0.0;DBCDEDBCBCCECEBEBDCBCCCDCBBBBEDDBEDEDEEBCCBBCCCBEDEEDDCDBECB
233;0.0;DBCDEDBCBCCECEBEBDCBCCCDCBBBBEDDBEDEDEEBCCBBCCCBEDEEDDCDBECBCCEBT.BS
234;0.0;DBCDEDBCBCCECEBEBDCBCCCDCBBBBEDDBEDEDEEBCCBBCCCBEDEEDDCDBECB
235;0.0;DBCDEDBCBCCECEBEBDCBCCCDCBBBBEDDBEDEDEEBCCBBCCCBEDEEDDCDBECB
236;0.0;DBCDEDBCBCCECEBEBDCBCCCDCBBBBEDDBEDEDEEBCCBBCCCBEDEEDDCDBECBCCCBC->D4
237;0.0;DBCDEDBCBCCECEBEBDCBCCCDCBBBBEDDBEDEDEEBCCBBCCCBEDEEDDCDBECBEECB®,“C)
238;0.0;DBCDEDBCBCCECEBEBDCBCCCDCBBBBEDDBEDEDEEBCCBBCCCBEDEEDDCDBECB
239;0.0;DBCDEDBCBCCECEBEBDCBCCCDCBBBBEDDBEDEDEEBCCBBCCCBEDEEDDCDBECB
240;0.0;DBCDEDBCBCCECEBEBDCBCCCDCBBBBEDDBEDEDEEBCCBBCCCBEDEEDDCDBECB
241;0.0;DBCDEDBCBCCECEBEBDCBCCCDCBBBBEDDBEDEDEEBCCBBCCCBEDEEDDCDBECBEBCB].ER
242;0.0;DBCDEDBCBCCECEBEBDCBCCCDCBBBBEDDBEDEDEEBCCBBCCCBEDEEDDCDBECB
243;0.0;DBCDEDBCBCCECEBEBDCBCCCDCBBBBEDDBEDEDEEBCCBBCCCBEDEEDDCDBECB
244;0.0;DBCDEDBCBCCECEBEBDCBCCCDCBBBBEDDBEDEDEEBCCBBCCCBEDEEDDCDBECBBEBC¸-aBG
245;0.0;DBCDEDBCBCCECEBEBDCBCCCDCBBBBEDDBEDEDEEBCCBBCCCBEDEEDDCDBECB
246;0.0;DBCDEDBCBCCECEBEBDCBCCCDCBBBBEDDBEDEDEEBCCBBCCCBEDEEDDCDBECB
247;0.0;DBCDEDBCBCCECEBEBDCBCCCDCBBBBEDDBEDEDEEBCCBBCCCBEDEEDDCDBECB
248;0.0;DBCDEDBCBCCECEBEBDCBCCCDCBBBBEDDBEDEDEEBCCBBCCCBEDEEDDCDBECB
249;0.0;DBCDEDBCBCCECEBEBDCBCCCDCBBBBEDDBEDEDEEBCCBBCCCBEDEEDDCDBECB
250;0.0;DBCDEDBCBCCECEBEBDCBCCCDCBBBBEDDBEDEDEEBCCBBCCCBEDEEDDCDBECB
251;0.0;DBCDEDBCBCCECEBEBDCBCCCDCBBBBEDDBEDEDEEBCCBBCCCBEDEEDDCDBECB
252;0.0;DBCDEDBCBCCECEBEBDCBCCCDCBBBBEDDBEDEDEEBCCBBCCCBEDEEDDCDBECB
253;0.0;DBCDEDBCBCCECEBEBDCBCCCDCBBBBEDDBEDEDEEBCCBBCCCBEDEEDDCDBECBEDEBÄ-…EC
254;0.0;DBCDEDBCBCCECEBEBDCBCCCDCBBBBEDDBEDEDEEBCCBBCCCBEDEEDDCDBECB
255;0.0;DBCDEDBCBCCECEBEBDCBCCCDCBBBBEDDBEDEDEEBCCBBCCCBEDEEDDCDBECB
256;0.0;DBCDEDBCBCCECEBEBDCBCCCDCBBBBEDDBEDEDEEBCCBBCCCBEDEEDDCDBECB
257;0.0;DBCDEDBCBCCECEBEBDCBCCCDCBBBBEDDBEDEDEEBCCBBCCCBEDEEDDCDBECB
258;0.0;DBCDEDBCBCCECEBEBDCBCCCDCBBBBEDDBEDEDEEBCCBBCCCBEDEEDDCDBECB
259;0.0;DBCDEDBCBCCECEBEBDCBCCCDCBBBBEDDBEDEDEEBCCBBCCCBEDEEDDCDBECB
260;0.0;DBCDEDBCBCCECEBEBDCBCCCDCBBBBEDDBEDEDEEBCCBBCCCBEDEEDDCDBECBECDD}-,B2
261;0.0;DBCDEDBCBCCECEBEBDCBCCCDCBBBBEDDBEDEDEEBCCBBCCCBEDEEDDCDBECBDBCEo-RE0
262;0.0;DBCDEDBCBCCECEBEBDCBCCCDCBBBBEDDBEDEDEEBCCBBCCCBEDEEDDCDBECB
263;0.0;DBCDEDBCBCCECEBEBDCBCCCDCBBBBEDDBEDEDEEBCCBBCCCBEDEEDDCDBECB
264;0.0;DBCDEDBCBCCECEBEBDCBCCCDCBBBBEDDBEDEDEEBCCBBCCCBEDEEDDCDBECBBBBBØ,D'
265;0.0;DBCDEDBCBCCECEBEBDCBCCCDCBBBBEDDBEDEDEEBCCBBCCCBEDEEDDCDBECBBEEBÿ-¢C@
266;0.0;DBCDEDBCBCCECEBEBDCBCCCDCBBBBEDDBEDEDEEBCCBBCCCBEDEEDDCDBECB
267;0.0;DBCDEDBCBCCECEBEBDCBCCCDCBBBBEDDBEDEDEEBCCBBCCCBEDEEDDCDBECB
268;0.0;DBCDEDBCBCCECEBEBDCBCCCDCBBBBEDDBEDEDEEBCCBBCCCBEDEEDDCDBECB
269;0.0;DBCDEDBCBCCECEBEBDCBCCCDCBBBBEDDBEDEDEEBCCBBCCCBEDEEDDCDBECB
270;0.0;DBCDEDBCBCCECEBEBDCBCCCDCBBBBEDDBEDEDEEBCCBBCCCBEDEEDDCDBECB
271;0.0;DBCDEDBCBCCECEBEBDCBCCCDCBBBBEDDBEDEDEEBCCBBCCCBEDEEDDCDBECB
272;0.0;DBCDEDBCBCCECEBEBDCBCCCDCBBBBEDDBEDEDEEBCCBBCCCBEDEEDDCDBECBBECBÊ,·E%
273;0.0;DBCDEDBCBCCECEBEBDCBCCCDCBBBBEDDBEDEDEEBCCBBCCCBEDEEDDCDBECBDCBDZ-D5
274;0.0;DBCDEDBCBCCECEBEBDCBCCCDCBBBBEDDBEDEDEEBCCBBCCCBEDEEDDCDBECB
275;0.0;DBCDEDBCBCCECEBEBDCBCCCDCBBBBEDDBEDEDEEBCCBBCCCBEDEEDDCDBECB
276;0.0;DBCDEDBCBCCECEBEBDCBCCCDCBBBBEDDBEDEDEEBCCBBCCCBEDEEDDCDBECBd
277;0.0;DBCDEDBCBCCECEBEBDCBCCCDCBBBBEDDBEDEDEEBCCBBCCCBEDEEDDCDBECBd
278;0.0;DBCDEDBCBCCECEBEBDCBCCCDCBBBBEDDBEDEDEEBCCBBCCCBEDEEDDCDBECB
279;0.0;DBCDEDBCBCCECEBEBDCBCCCDCBBBBEDDBEDEDEEBCCBBCCCBEDEEDDCDBECB
280;0.0;DBCDEDBCBCCECEBEBDCBCCCDCBBBBEDDBEDEDEEBCCBBCCCBEDEEDDCDBECBCEEB-ÏC=
281;0.0;DBCDEDBCBCCECEBEBDCBCCCDCBBBBEDDBEDEDEEBCCBBCCCBEDEEDDCDBECBDEBBà-ÙB?
282;0.0;DBCDEDBCBCCECEBEBDCBCCCDCBBBBEDDBEDEDEEBCCBBCCCBEDEEDDCDBECB
283;0.0;DBCDEDBCBCCECEBEBDCBCCCDCBBBBEDDBEDEDEEBCCBBCCCBEDEEDDCDBECB
284;0.0;DBCDEDBCBCCECEBEBDCBCCCDCBBBBEDDBEDEDEEBCCBBCCCBEDEEDDCDBECBCBBBó,®B$
285;0.0;DBCDEDBCBCCECEBEBDCBCCCDCBBBBEDDBEDEDEEBCCBBCCCBEDEEDDCDBECBDBEB'-E8
286;0.0;DBCDEDBCBCCECEBEBDCBCCCDCBBBBEDDBEDEDEEBCCBBCCCBEDEEDDCDBECB
287;0.0;DBCDEDBCBCCECEBEBDCBCCCDCBBBBEDDBEDEDEEBCCBBCCCBEDEEDDCDBECB
288;0.0;DBCDEDBCBCCECEBEBDCBCCCDCBBBBEDDBEDEDEEBCCBBCCCBEDEEDDCDBECBEDDB>-ãE9
289;0.0;DBCDEDBCBCCECEBEBDCBCCCDCBBBBEDDBEDEDEEBCCBBCCCBEDEEDDCDBECBCBBBó,®B$
290;0.0;DBCDEDBCBCCECEBEBDCBCCCDCBBBBEDDBEDEDEEBCCBBCCCBEDEEDDCDBECB
291;0.0;DBCDEDBCBCCECEBEBDCBCCCDCBBBBEDDBEDEDEEBCCBBCCCBEDEEDDCDBECB
292;0.0;DBCDEDBCBCCECEBEBDCBCCCDCBBBBEDDBEDEDEEBCCBBCCCBEDEEDDCDBECBBBEBŽ-sCI
293;0.0;DBCDEDBCBCCECEBEBDCBCCCDCBBBBEDDBEDEDEEBCCBBCCCBEDEEDDCDBECB
294;0.0;DBCDEDBCBCCECEBEBDCBCCCDCBBBBEDDBEDEDEEBCCBBCCCBEDEEDDCDBECB
295;0.0;DBCDEDBCBCCECEBEBDCBCCCDCBBBBEDDBEDEDEEBCCBBCCCBEDEEDDCDBECB
296;0.0;DBCDEDBCBCCECEBEBDCBCCCDCBBBBEDDBEDEDEEBCCBBCCCBEDEEDDCDBECBDDDDp.)CO
297;0.0;DBCDEDBCBCCECEBEBDCBCCCDCBBBBEDDBEDEDEEBCCBBCCCBEDEEDDCDBECBBBEBŽ-sCI
298;0.0;DBCDEDBCBCCECEBEBDCBCCCDCBBBBEDDBEDEDEEBCCBBCCCBEDEEDDCDBECB
299;0.0;DBCDEDBCBCCECEBEBDCBCCCDCBBBBEDDBEDEDEEBCCBBCCCBEDEEDDCDBECB
300;0.0;DBCDEDBCBCCECEBEBDCBCCCDCBBBBEDDBEDEDEEBCCBBCCCBEDEEDDCDBECBEECB®,“C)
301;0.0;DBCDEDBCBCCECEBEBDCBCCCDCBBBBEDDBEDEDEEBCCBBCCCBEDEEDDCDBECBCEEB-ÏC=
302;0.0;DBCDEDBCBCCECEBEBDCBCCCDCBBBBEDDBEDEDEEBCCBBCCCBEDEEDDCDBECB
303;0.0;DBCDEDBCBCCECEBEBDCBCCCDCBBBBEDDBEDEDEEBCCBBCCCBEDEEDDCDBECB
304;0.0;DBCDEDBCBCCECEBEBDCBCCCDCBBBBEDDBEDEDEEBCCBBCCCBEDEEDDCDBECBBECDé-ÐB>
305;0.0;DBCDEDBCBCCECEBEBDCBCCCDCBBBBEDDBEDEDEEBCCBBCCCBEDEEDDCDBECBBBDDí,ÜB"
306;0.0;DBCDEDBCBCCECEBEBDCBCCCDCBBBBEDDBEDEDEEBCCBBCCCBEDEEDDCDBECB
307;0.0;DBCDEDBCBCCECEBEBDCBCCCDCBBBBEDDBEDEDEEBCCBBCCCBEDEEDDCDBECB
308;0.0;DBCDEDBCBCCECEBEBDCBCCCDCBBBBEDDBEDEDEEBCCBBCCCBEDEEDDCDBECBh@Ú
309;0.0;DBCDEDBCBCCECEBEBDCBCCCDCBBBBEDDBEDEDEEBCCBBCCCBEDEEDDCDBECB
310;0.0;DBCDEDBCBCCECEBEBDCBCCCDCBBBBEDDBEDEDEEBCCBBCCCBEDEEDDCDBECB
311;0.0;DBCDEDBCBCCECEBEBDCBCCCDCBBBBEDDBEDEDEEBCCBBCCCBEDEEDDCDBECB
312;0.0;DBCDEDBCBCCECEBEBDCBCCCDCBBBBEDDBEDEDEEBCCBBCCCBEDEEDDCDBECBCCCBC->D4
313;0.0;DBCDEDBCBCCECEBEBDCBCCCDCBBBBEDDBEDEDEEBCCBBCCCBEDEEDDCDBECBDBEB'-E8
314;0.0;DBCDEDBCBCCECEBEBDCBCCCDCBBBBEDDBEDEDEEBCCBBCCCBEDEEDDCDBECB
315;0.0;DBCDEDBCBCCECEBEBDCBCCCDCBBBBEDDBEDEDEEBCCBBCCCBEDEEDDCDBECB
316;0.0;DBCDEDBCBCCECEBEBDCBCCCDCBBBBEDDBEDEDEEBCCBBCCCBEDEEDDCDBECBBDECF.;EQ
317;0.0;DBCDEDBCBCCECEBEBDCBCCCDCBBBBEDDBEDEDEEBCCBBCCCBEDEEDDCDBECBBDCDb._CM
318;0.0;DBCDEDBCBCCECEBEBDCBCCCDCBBBBEDDBEDEDEEBCCBBCCCBEDEEDDCDBECB
319;0.0;DBCDEDBCBCCECEBEBDCBCCCDCBBBBEDDBEDEDEEBCCBBCCCBEDEEDDCDBECB
320;0.0;DBCDEDBCBCCECEBEBDCBCCCDCBBBBEDDBEDEDEEBCCBBCCCBEDEEDDCDBECBDCCB#.BT
321;0.0;DBCDEDBCBCCECEBEBDCBCCCDCBBBBEDDBEDEDEEBCCBBCCCBEDEEDDCDBECBUÚ
322;0.0;DBCDEDBCBCCECEBEBDCBCCCDCBBBBEDDBEDEDEEBCCBBCCCBEDEEDDCDBECB
323;0.0;DBCDEDBCBCCECEBEBDCBCCCDCBBBBEDDBEDEDEEBCCBBCCCBEDEEDDCDBECB
324;0.0;DBCDEDBCBCCECEBEBDCBCCCDCBBBBEDDBEDEDEEBCCBBCCCBEDEEDDCDBECBDDDDp.)CO
325;0.0;DBCDEDBCBCCECEBEBDCBCCCDCBBBBEDDBEDEDEEBCCBBCCCBEDEEDDCDBECBECCC…-DBJ
326;0.0;DBCDEDBCBCCECEBEBDCBCCCDCBBBBEDDBEDEDEEBCCBBCCCBEDEEDDCDBECB
327;0.0;DBCDEDBCBCCECEBEBDCBCCCDCBBBBEDDBEDEDEEBCCBBCCCBEDEEDDCDBECBŒ
328;0.0;DBCDEDBCBCCECEBEBDCBCCCDCBBBBEDDBEDEDEEBCCBBCCCBEDEEDDCDBECBCDECÓ-ŽCD
329;0.0;DBCDEDBCBCCECEBEBDCBCCCDCBBBBEDDBEDEDEEBCCBBCCCBEDEEDDCDBECBCBECÍ-¼CB
330;0.0;DBCDEDBCBCCECEBEBDCBCCCDCBBBBEDDBEDEDEEBCCBBCCCBEDEEDDCDBECB
331;0.0;DBCDEDBCBCCECEBEBDCBCCCDCBBBBEDDBEDEDEEBCCBBCCCBEDEEDDCDBECB
332;0.0;DBCDEDBCBCCECEBEBDCBCCCDCBBBBEDDBEDEDEEBCCBBCCCBEDEEDDCDBECBEDDB>-ãE9
333;0.0;DBCDEDBCBCCECEBEBDCBCCCDCBBBBEDDBEDEDEEBCCBBCCCBEDEEDDCDBECBBBDDí,ÜB"
334;0.0;DBCDEDBCBCCECEBEBDCBCCCDCBBBBEDDBEDEDEEBCCBBCCCBEDEEDDCDBECB
335;0.0;DBCDEDBCBCCECEBEBDCBCCCDCBBBBEDDBEDEDEEBCCBBCCCBEDEEDDCDBECB
336;0.0;DBCDEDBCBCCECEBEBDCBCCCDCBBBBEDDBEDEDEEBCCBBCCCBEDEEDDCDBECBX<Ú
337;0.0;DBCDEDBCBCCECEBEBDCBCCCDCBBBBEDDBEDEDEEBCCBBCCCBEDEEDDCDBECB
338;0.0;DBCDEDBCBCCECEBEBDCBCCCDCBBBBEDDBEDEDEEBCCBBCCCBEDEEDDCDBECB
339;0.0;DBCDEDBCBCCECEBEBDCBCCCDCBBBBEDDBEDEDEEBCCBBCCCBEDEEDDCDBECB
340;0.0;DBCDEDBCBCCECEBEBDCBCCCDCBBBBEDDBEDEDEEBCCBBCCCBEDEEDDCDBECBCDECÓ-ŽCD
341;0.0;DBCDEDBCBCCECEBEBDCBCCCDCBBBBEDDBEDEDEEBCCBBCCCBEDEEDDCDBECBBBEBŽ-sCI
342;0.0;DBCDEDBCBCCECEBEBDCBCCCDCBBBBEDDBEDEDEEBCCBBCCCBEDEEDDCDBECB
343;0.0;DBCDEDBCBCCECEBEBDCBCCCDCBBBBEDDBEDEDEEBCCBBCCCBEDEEDDCDBECBŒ
344;0.0;DBCDEDBCBCCECEBEBDCBCCCDCBBBBEDDBEDEDEEBCCBBCCCBEDEEDDCDBECBX<Ú
345;0.0;DBCDEDBCBCCECEBEBDCBCCCDCBBBBEDDBEDEDEEBCCBBCCCBEDEEDDCDBECB
346;0.0;DBCDEDBCBCCECEBEBDCBCCCDCBBBBEDDBEDEDEEBCCBBCCCBEDEEDDCDBECB
347;0.0;DBCDEDBCBCCECEBEBDCBCCCDCBBBBEDDBEDEDEEBCCBBCCCBEDEEDDCDBECBŒ
348;0.0;DBCDEDBCBCCECEBEBDCBCCCDCBBBBEDDBEDEDEEBCCBBCCCBEDEEDDCDBECBDCBE5-ôD:
349;0.0;DBCDEDBCBCCECEBEBDCBCCCDCBBBBEDDBEDEDEEBCCBBCCCBEDEEDDCDBECBBCEE(-B7
350;0.0;DBCDEDBCBCCECEBEBDCBCCCDCBBBBEDDBEDEDEEBCCBBCCCBEDEEDDCDBECB
351;0.0;DBCDEDBCBCCECEBEBDCBCCCDCBBBBEDDBEDEDEEBCCBBCCCBEDEEDDCDBECB
352;0.0;DBCDEDBCBCCECEBEBDCBCCCDCBBBBEDDBEDEDEEBCCBBCCCBEDEEDDCDBECBEBCB].ER
353;0.0;DBCDEDBCBCCECEBEBDCBCCCDCBBBBEDDBEDEDEEBCCBBCCCBEDEEDDCDBECBÐUÚ
354;0.0;DBCDEDBCBCCECEBEBDCBCCCDCBBBBEDDBEDEDEEBCCBBCCCBEDEEDDCDBECB
355;0.0;DBCDEDBCBCCECEBEBDCBCCCDCBBBBEDDBEDEDEEBCCBBCCCBEDEEDDCDBECB
356;0.0;DBCDEDBCBCCECEBEBDCBCCCDCBBBBEDDBEDEDEEBCCBBCCCBEDEEDDCDBECBEECB®,“C)
357;0.0;DBCDEDBCBCCECEBEBDCBCCCDCBBBBEDDBEDEDEEBCCBBCCCBEDEEDDCDBECBDBEB'-E8
358;0.0;DBCDEDBCBCCECEBEBDCBCCCDCBBBBEDDBEDEDEEBCCBBCCCBEDEEDDCDBECB
359;0.0;DBCDEDBCBCCECEBEBDCBCCCDCBBBBEDDBEDEDEEBCCBBCCCBEDEEDDCDBECB
360;0.0;DBCDEDBCBCCECEBEBDCBCCCDCBBBBEDDBEDEDEEBCCBBCCCBEDEEDDCDBECB
361;0.0;DBCDEDBCBCCECEBEBDCBCCCDCBBBBEDDBEDEDEEBCCBBCCCBEDEEDDCDBECB
362;0.0;DBCDEDBCBCCECEBEBDCBCCCDCBBBBEDDBEDEDEEBCCBBCCCBEDEEDDCDBECB
363;0.0;DBCDEDBCBCCECEBEBDCBCCCDCBBBBEDDBEDEDEEBCCBBCCCBEDEEDDCDBECB
364;0.0;DBCDEDBCBCCECEBEBDCBCCCDCBBBBEDDBEDEDEEBCCBBCCCBEDEEDDCDBECBCDECÓ-ŽCD
365;0.0;DBCDEDBCBCCECEBEBDCBCCCDCBBBBEDDBEDEDEEBCCBBCCCBEDEEDDCDBECBECCC…-DBJ
366;0.0;DBCDEDBCBCCECEBEBDCBCCCDCBBBBEDDBEDEDEEBCCBBCCCBEDEEDDCDBECB
367;0.0;DBCDEDBCBCCECEBEBDCBCCCDCBBBBEDDBEDEDEEBCCBBCCCBEDEEDDCDBECB
368;0.0;DBCDEDBCBCCECEBEBDCBCCCDCBBBBEDDBEDEDEEBCCBBCCCBEDEEDDCDBECBd
369;0.0;DBCDEDBCBCCECEBEBDCBCCCDCBBBBEDDBEDEDEEBCCBBCCCBEDEEDDCDBECB
370;0.0;DBCDEDBCBCCECEBEBDCBCCCDCBBBBEDDBEDEDEEBCCBBCCCBEDEEDDCDBECB
371;0.0;DBCDEDBCBCCECEBEBDCBCCCDCBBBBEDDBEDEDEEBCCBBCCCBEDEEDDCDBECB
372;0.0;DBCDEDBCBCCECEBEBDCBCCCDCBBBBEDDBEDEDEEBCCBBCCCBEDEEDDCDBECB¨AÚ
373;0.0;DBCDEDBCBCCECEBEBDCBCCCDCBBBBEDDBEDEDEEBCCBBCCCBEDEEDDCDBECBX<Ú
374;0.0;DBCDEDBCBCCECEBEBDCBCCCDCBBBBEDDBEDEDEEBCCBBCCCBEDEEDDCDBECB
375;0.0;DBCDEDBCBCCECEBEBDCBCCCDCBBBBEDDBEDEDEEBCCBBCCCBEDEEDDCDBECB
376;0.0;DBCDEDBCBCCECEBEBDCBCCCDCBBBBEDDBEDEDEEBCCBBCCCBEDEEDDCDBECBCEEB-ÏC=
377;0.0;DBCDEDBCBCCECEBEBDCBCCCDCBBBBEDDBEDEDEEBCCBBCCCBEDEEDDCDBECBECCB‚,C-
378;0.0;DBCDEDBCBCCECEBEBDCBCCCDCBBBBEDDBEDEDEEBCCBBCCCBEDEEDDCDBECB
379;0.0;DBCDEDBCBCCECEBEBDCBCCCDCBBBBEDDBEDEDEEBCCBBCCCBEDEEDDCDBECB
380;0.0;DBCDEDBCBCCECEBEBDCBCCCDCBBBBEDDBEDEDEEBCCBBCCCBEDEEDDCDBECBBBDDí,ÜB"
381;0.0;DBCDEDBCBCCECEBEBDCBCCCDCBBBBEDDBEDEDEEBCCBBCCCBEDEEDDCDBECBDEBBà-ÙB?
382;0.0;DBCDEDBCBCCECEBEBDCBCCCDCBBBBEDDBEDEDEEBCCBBCCCBEDEEDDCDBECB
383;0.0;DBCDEDBCBCCECEBEBDCBCCCDCBBBBEDDBEDEDEEBCCBBCCCBEDEEDDCDBECB
384;0.0;DBCDEDBCBCCECEBEBDCBCCCDCBBBBEDDBEDEDEEBCCBBCCCBEDEEDDCDBECBDCBDO.2EP
385;0.0;DBCDEDBCBCCECEBEBDCBCCCDCBBBBEDDBEDEDEEBCCBBCCCBEDEEDDCDBECBCEBDœ-MBK
386;0.0;DBCDEDBCBCCECEBEBDCBCCCDCBBBBEDDBEDEDEEBCCBBCCCBEDEEDDCDBECB
387;0.0;DBCDEDBCBCCECEBEBDCBCCCDCBBBBEDDBEDEDEEBCCBBCCCBEDEEDDCDBECB
388;0.0;DBCDEDBCBCCECEBEBDCBCCCDCBBBBEDDBEDEDEEBCCBBCCCBEDEEDDCDBECB
389;0.0;DBCDEDBCBCCECEBEBDCBCCCDCBBBBEDDBEDEDEEBCCBBCCCBEDEEDDCDBECB
390;0.0;DBCDEDBCBCCECEBEBDCBCCCDCBBBBEDDBEDEDEEBCCBBCCCBEDEEDDCDBECB
391;0.0;DBCDEDBCBCCECEBEBDCBCCCDCBBBBEDDBEDEDEEBCCBBCCCBEDEEDDCDBECB
392;0.0;DBCDEDBCBCCECEBEBDCBCCCDCBBBBEDDBEDEDEEBCCBBCCCBEDEEDDCDBECBEBCB].ER
393;0.0;DBCDEDBCBCCECEBEBDCBCCCDCBBBBEDDBEDEDEEBCCBBCCCBEDEEDDCDBECBBDCDb._CM
394;0.0;DBCDEDBCBCCECEBEBDCBCCCDCBBBBEDDBEDEDEEBCCBBCCCBEDEEDDCDBECB
395;0.0;DBCDEDBCBCCECEBEBDCBCCCDCBBBBEDDBEDEDEEBCCBBCCCBEDEEDDCDBECB
396;0.0;DBCDEDBCBCCECEBEBDCBCCCDCBBBBEDDBEDEDEEBCCBBCCCBEDEEDDCDBECBBEEBÿ-¢C@
397;0.0;DBCDEDBCBCCECEBEBDCBCCCDCBBBBEDDBEDEDEEBCCBBCCCBEDEEDDCDBECBBBDC×,ŠE(
398;0.0;DBCDEDBCBCCECEBEBDCBCCCDCBBBBEDDBEDEDEEBCCBBCCCBEDEEDDCDBECB
399;0.0;DBCDEDBCBCCECEBEBDCBCCCDCBBBBEDDBEDEDEEBCCBBCCCBEDEEDDCDBECB
400;0.0;DBCDEDBCBCCECEBEBDCBCCCDCBBBBEDDBEDEDEEBCCBBCCCBEDEEDDCDBECBh@Ú
401;0.0;DBCDEDBCBCCECEBEBDCBCCCDCBBBBEDDBEDEDEEBCCBBCCCBEDEEDDCDBECB0<Ú
402;0.0;DBCDEDBCBCCECEBEBDCBCCCDCBBBBEDDBEDEDEEBCCBBCCCBEDEEDDCDBECB
403;0.0;DBCDEDBCBCCECEBEBDCBCCCDCBBBBEDDBEDEDEEBCCBBCCCBEDEEDDCDBECB
404;0.0;DBCDEDBCBCCECEBEBDCBCCCDCBBBBEDDBEDEDEEBCCBBCCCBEDEEDDCDBECBDBEB'-E8
405;0.0;DBCDEDBCBCCECEBEBDCBCCCDCBBBBEDDBEDEDEEBCCBBCCCBEDEEDDCDBECBDBCEo-RE0
406;0.0;DBCDEDBCBCCECEBEBDCBCCCDCBBBBEDDBEDEDEEBCCBBCCCBEDEEDDCDBECB
407;0.0;DBCDEDBCBCCECEBEBDCBCCCDCBBBBEDDBEDEDEEBCCBBCCCBEDEEDDCDBECB
408;0.0;DBCDEDBCBCCECEBEBDCBCCCDCBBBBEDDBEDEDEEBCCBBCCCBEDEEDDCDBECBDBDC
409;0.0;DBCDEDBCBCCECEBEBDCBCCCDCBBBBEDDBEDEDEEBCCBBCCCBEDEEDDCDBECB
410;0.0;DBCDEDBCBCCECEBEBDCBCCCDCBBBBEDDBEDEDEEBCCBBCCCBEDEEDDCDBECB
411;0.0;DBCDEDBCBCCECEBEBDCBCCCDCBBBBEDDBEDEDEEBCCBBCCCBEDEEDDCDBECB
412;0.0;DBCDEDBCBCCECEBEBDCBCCCDCBBBBEDDBEDEDEEBCCBBCCCBEDEEDDCDBECBDCBDO.2EP
413;0.0;DBCDEDBCBCCECEBEBDCBCCCDCBBBBEDDBEDEDEEBCCBBCCCBEDEEDDCDBECBUÚ
414;0.0;DBCDEDBCBCCECEBEBDCBCCCDCBBBBEDDBEDEDEEBCCBBCCCBEDEEDDCDBECB
415;0.0;DBCDEDBCBCCECEBEBDCBCCCDCBBBBEDDBEDEDEEBCCBBCCCBEDEEDDCDBECB
416;0.0;DBCDEDBCBCCECEBEBDCBCCCDCBBBBEDDBEDEDEEBCCBBCCCBEDEEDDCDBECBBEEBÿ-¢C@
417;0.0;DBCDEDBCBCCECEBEBDCBCCCDCBBBBEDDBEDEDEEBCCBBCCCBEDEEDDCDBECBDEBC¼,mE+
418;0.0;DBCDEDBCBCCECEBEBDCBCCCDCBBBBEDDBEDEDEEBCCBBCCCBEDEEDDCDBECB
419;0.0;DBCDEDBCBCCECEBEBDCBCCCDCBBBBEDDBEDEDEEBCCBBCCCBEDEEDDCDBECB
420;0.0;DBCDEDBCBCCECEBEBDCBCCCDCBBBBEDDBEDEDEEBCCBBCCCBEDEEDDCDBECBBBEBŽ-sCI
421;0.0;DBCDEDBCBCCECEBEBDCBCCCDCBBBBEDDBEDEDEEBCCBBCCCBEDEEDDCDBECBUÚ
422;0.0;DBCDEDBCBCCECEBEBDCBCCCDCBBBBEDDBEDEDEEBCCBBCCCBEDEEDDCDBECB
423;0.0;DBCDEDBCBCCECEBEBDCBCCCDCBBBBEDDBEDEDEEBCCBBCCCBEDEEDDCDBECB
424;0.0;DBCDEDBCBCCECEBEBDCBCCCDCBBBBEDDBEDEDEEBCCBBCCCBEDEEDDCDBECBÐUÚ
425;0.0;DBCDEDBCBCCECEBEBDCBCCCDCBBBBEDDBEDEDEEBCCBBCCCBEDEEDDCDBECBBEBC¸-aBG
426;0.0;DBCDEDBCBCCECEBEBDCBCCCDCBBBBEDDBEDEDEEBCCBBCCCBEDEEDDCDBECB
427;0.0;DBCDEDBCBCCECEBEBDCBCCCDCBBBBEDDBEDEDEEBCCBBCCCBEDEEDDCDBECB
428;0.0;DBCDEDBCBCCECEBEBDCBCCCDCBBBBEDDBEDEDEEBCCBBCCCBEDEEDDCDBECBCCBC2,ïB
429;0.0;DBCDEDBCBCCECEBEBDCBCCCDCBBBBEDDBEDEDEEBCCBBCCCBEDEEDDCDBECB
430;0.0;DBCDEDBCBCCECEBEBDCBCCCDCBBBBEDDBEDEDEEBCCBBCCCBEDEEDDCDBECB
431;0.0;DBCDEDBCBCCECEBEBDCBCCCDCBBBBEDDBEDEDEEBCCBBCCCBEDEEDDCDBECB
432;0.0;DBCDEDBCBCCECEBEBDCBCCCDCBBBBEDDBEDEDEEBCCBBCCCBEDEEDDCDBECBCBCE,ËE!
433;0.0;DBCDEDBCBCCECEBEBDCBCCCDCBBBBEDDBEDEDEEBCCBBCCCBEDEEDDCDBECBECDD}-,B2
434;0.0;DBCDEDBCBCCECEBEBDCBCCCDCBBBBEDDBEDEDEEBCCBBCCCBEDEEDDCDBECB
435;0.0;DBCDEDBCBCCECEBEBDCBCCCDCBBBBEDDBEDEDEEBCCBBCCCBEDEEDDCDBECB
436;0.0;DBCDEDBCBCCECEBEBDCBCCCDCBBBBEDDBEDEDEEBCCBBCCCBEDEEDDCDBECBDDCCö-«CA
437;0.0;DBCDEDBCBCCECEBEBDCBCCCDCBBBBEDDBEDEDEEBCCBBCCCBEDEEDDCDBECB
438;0.0;DBCDEDBCBCCECEBEBDCBCCCDCBBBBEDDBEDEDEEBCCBBCCCBEDEEDDCDBECB
439;0.0;DBCDEDBCBCCECEBEBDCBCCCDCBBBBEDDBEDEDEEBCCBBCCCBEDEEDDCDBECB
440;0.0;DBCDEDBCBCCECEBEBDCBCCCDCBBBBEDDBEDEDEEBCCBBCCCBEDEEDDCDBECBDEBBà-ÙB?
441;0.0;DBCDEDBCBCCECEBEBDCBCCCDCBBBBEDDBEDEDEEBCCBBCCCBEDEEDDCDBECBCEEB-ÏC=
442;0.0;DBCDEDBCBCCECEBEBDCBCCCDCBBBBEDDBEDEDEEBCCBBCCCBEDEEDDCDBECB
443;0.0;DBCDEDBCBCCECEBEBDCBCCCDCBBBBEDDBEDEDEEBCCBBCCCBEDEEDDCDBECB
444;0.0;DBCDEDBCBCCECEBEBDCBCCCDCBBBBEDDBEDEDEEBCCBBCCCBEDEEDDCDBECBCBECÍ-¼CB
445;0.0;DBCDEDBCBCCECEBEBDCBCCCDCBBBBEDDBEDEDEEBCCBBCCCBEDEEDDCDBECBBDCDb._CM
446;0.0;DBCDEDBCBCCECEBEBDCBCCCDCBBBBEDDBEDEDEEBCCBBCCCBEDEEDDCDBECB
447;0.0;DBCDEDBCBCCECEBEBDCBCCCDCBBBBEDDBEDEDEEBCCBBCCCBEDEEDDCDBECB
448;0.0;DBCDEDBCBCCECEBEBDCBCCCDCBBBBEDDBEDEDEEBCCBBCCCBEDEEDDCDBECBDDBC,ÂC 
449;0.0;DBCDEDBCBCCECEBEBDCBCCCDCBBBBEDDBEDEDEEBCCBBCCCBEDEEDDCDBECB¨AÚ
450;0.0;DBCDEDBCBCCECEBEBDCBCCCDCBBBBEDDBEDEDEEBCCBBCCCBEDEEDDCDBECBŒ
451;0.0;DBCDEDBCBCCECEBEBDCBCCCDCBBBBEDDBEDEDEEBCCBBCCCBEDEEDDCDBECB
452;0.0;DBCDEDBCBCCECEBEBDCBCCCDCBBBBEDDBEDEDEEBCCBBCCCBEDEEDDCDBECBh@Ú
453;0.0;DBCDEDBCBCCECEBEBDCBCCCDCBBBBEDDBEDEDEEBCCBBCCCBEDEEDDCDBECB`>Ú
454;0.0;DBCDEDBCBCCECEBEBDCBCCCDCBBBBEDDBEDEDEEBCCBBCCCBEDEEDDCDBECB
455;0.0;DBCDEDBCBCCECEBEBDCBCCCDCBBBBEDDBEDEDEEBCCBBCCCBEDEEDDCDBECB
456;0.0;DBCDEDBCBCCECEBEBDCBCCCDCBBBBEDDBEDEDEEBCCBBCCCBEDEEDDCDBECB
457;0.0;DBCDEDBCBCCECEBEBDCBCCCDCBBBBEDDBEDEDEEBCCBBCCCBEDEEDDCDBECBÐUÚ
458;0.0;DBCDEDBCBCCECEBEBDCBCCCDCBBBBEDDBEDEDEEBCCBBCCCBEDEEDDCDBECB
459;0.0;DBCDEDBCBCCECEBEBDCBCCCDCBBBBEDDBEDEDEEBCCBBCCCBEDEEDDCDBECB
460;0.0;DBCDEDBCBCCECEBEBDCBCCCDCBBBBEDDBEDEDEEBCCBBCCCBEDEEDDCDBECB
461;0.0;DBCDEDBCBCCECEBEBDCBCCCDCBBBBEDDBEDEDEEBCCBBCCCBEDEEDDCDBECBàßÙ
462;0.0;DBCDEDBCBCCECEBEBDCBCCCDCBBBBEDDBEDEDEEBCCBBCCCBEDEEDDCDBECB
463;0.0;DBCDEDBCBCCECEBEBDCBCCCDCBBBBEDDBEDEDEEBCCBBCCCBEDEEDDCDBECB
464;0.0;DBCDEDBCBCCECEBEBDCBCCCDCBBBBEDDBEDEDEEBCCBBCCCBEDEEDDCDBECB
465;0.0;DBCDEDBCBCCECEBEBDCBCCCDCBBBBEDDBEDEDEEBCCBBCCCBEDEEDDCDBECB
466;0.0;DBCDEDBCBCCECEBEBDCBCCCDCBBBBEDDBEDEDEEBCCBBCCCBEDEEDDCDBECB
467;0.0;DBCDEDBCBCCECEBEBDCBCCCDCBBBBEDDBEDEDEEBCCBBCCCBEDEEDDCDBECB
468;0.0;DBCDEDBCBCCECEBEBDCBCCCDCBBBBEDDBEDEDEEBCCBBCCCBEDEEDDCDBECBEBCB].ER
469;0.0;DBCDEDBCBCCECEBEBDCBCCCDCBBBBEDDBEDEDEEBCCBBCCCBEDEEDDCDBECBBDECF.;EQ
470;0.0;DBCDEDBCBCCECEBEBDCBCCCDCBBBBEDDBEDEDEEBCCBBCCCBEDEEDDCDBECB
471;0.0;DBCDEDBCBCCECEBEBDCBCCCDCBBBBEDDBEDEDEEBCCBBCCCBEDEEDDCDBECB
472;0.0;DBCDEDBCBCCECEBEBDCBCCCDCBBBBEDDBEDEDEEBCCBBCCCBEDEEDDCDBECBEDDB>-ãE9
473;0.0;DBCDEDBCBCCECEBEBDCBCCCDCBBBBEDDBEDEDEEBCCBBCCCBEDEEDDCDBECBDEBD-ýC;
474;0.0;DBCDEDBCBCCECEBEBDCBCCCDCBBBBEDDBEDEDEEBCCBBCCCBEDEEDDCDBECB
475;0.0;DBCDEDBCBCCECEBEBDCBCCCDCBBBBEDDBEDEDEEBCCBBCCCBEDEEDDCDBECB
476;0.0;DBCDEDBCBCCECEBEBDCBCCCDCBBBBEDDBEDEDEEBCCBBCCCBEDEEDDCDBECBCEBC¡-˜CF
477;0.0;DBCDEDBCBCCECEBEBDCBCCCDCBBBBEDDBEDEDEEBCCBBCCCBEDEEDDCDBECB
478;0.0;DBCDEDBCBCCECEBEBDCBCCCDCBBBBEDDBEDEDEEBCCBBCCCBEDEEDDCDBECB
479;0.0;DBCDEDBCBCCECEBEBDCBCCCDCBBBBEDDBEDEDEEBCCBBCCCBEDEEDDCDBECB
480;0.0;DBCDEDBCBCCECEBEBDCBCCCDCBBBBEDDBEDEDEEBCCBBCCCBEDEEDDCDBECBEECB®,“C)
481;0.0;DBCDEDBCBCCECEBEBDCBCCCDCBBBBEDDBEDEDEEBCCBBCCCBEDEEDDCDBECBCEEB-ÏC=
482;0.0;DBCDEDBCBCCECEBEBDCBCCCDCBBBBEDDBEDEDEEBCCBBCCCBEDEEDDCDBECB
483;0.0;DBCDEDBCBCCECEBEBDCBCCCDCBBBBEDDBEDEDEEBCCBBCCCBEDEEDDCDBECB
484;0.0;DBCDEDBCBCCECEBEBDCBCCCDCBBBBEDDBEDEDEEBCCBBCCCBEDEEDDCDBECB
485;0.0;DBCDEDBCBCCECEBEBDCBCCCDCBBBBEDDBEDEDEEBCCBBCCCBEDEEDDCDBECB
486;0.0;DBCDEDBCBCCECEBEBDCBCCCDCBBBBEDDBEDEDEEBCCBBCCCBEDEEDDCDBECB
487;0.0;DBCDEDBCBCCECEBEBDCBCCCDCBBBBEDDBEDEDEEBCCBBCCCBEDEEDDCDBECB
488;0.0;DBCDEDBCBCCECEBEBDCBCCCDCBBBBEDDBEDEDEEBCCBBCCCBEDEEDDCDBECBCEBC¡-˜CF
489;0.0;DBCDEDBCBCCECEBEBDCBCCCDCBBBBEDDBEDEDEEBCCBBCCCBEDEEDDCDBECBDDCCy. DN
490;0.0;DBCDEDBCBCCECEBEBDCBCCCDCBBBBEDDBEDEDEEBCCBBCCCBEDEEDDCDBECB
491;0.0;DBCDEDBCBCCECEBEBDCBCCCDCBBBBEDDBEDEDEEBCCBBCCCBEDEEDDCDBECB
492;0.0;DBCDEDBCBCCECEBEBDCBCCCDCBBBBEDDBEDEDEEBCCBBCCCBEDEEDDCDBECBDDEB™,@C.
493;0.0;DBCDEDBCBCCECEBEBDCBCCCDCBBBBEDDBEDEDEEBCCBBCCCBEDEEDDCDBECBBCEE(-B7
494;0.0;DBCDEDBCBCCECEBEBDCBCCCDCBBBBEDDBEDEDEEBCCBBCCCBEDEEDDCDBECB
495;0.0;DBCDEDBCBCCECEBEBDCBCCCDCBBBBEDDBEDEDEEBCCBBCCCBEDEEDDCDBECB
496;0.0;DBCDEDBCBCCECEBEBDCBCCCDCBBBBEDDBEDEDEEBCCBBCCCBEDEEDDCDBECB
497;0.0;DBCDEDBCBCCECEBEBDCBCCCDCBBBBEDDBEDEDEEBCCBBCCCBEDEEDDCDBECBàßÙ
498;0.0;DBCDEDBCBCCECEBEBDCBCCCDCBBBBEDDBEDEDEEBCCBBCCCBEDEEDDCDBECB
499;0.0;DBCDEDBCBCCECEBEBDCBCCCDCBBBBEDDBEDEDEEBCCBBCCCBEDEEDDCDBECB
500;0.0;DBCDEDBCBCCECEBEBDCBCCCDCBBBBEDDBEDEDEEBCCBBCCCBEDEEDDCDBECBCEBC¡-˜CF
