1;0.0;DBBBBBBDDBECCECCDCECCCEEBDDBDBDCDBDBDCECDCEBBEEEBDBBDDBEEBBCx¡NvÑ™Rƒ/
2;0.0;DBBBBBBDDBECCECCDCECCCEEBDDBDBDCDBDBDCECDCEBBEEEBDBBDDBEEBBC
3;0.0;DBBBBBBDDBECCECCDCECCCEEBDDBDBDCDBDBDCECDCEBBEEEBDBBDDBEEBBC
4;0.0;DBBBBBBDDBECCECCDCECCCEEBDDBDBDCDBDBDCECDCEBBEEEBDBBDDBEEBBC
5;0.0;DBBBBBBDDBECCECCDCECCCEEBDDBDBDCDBDBDCECDCEBBEEEBDBBDDBEEBBCDDBBNxùn
6;0.0;DBBBBBBDDBECCECCDCECCCEEBDDBDBDCDBDBDCECDCEBBEEEBDBBDDBEEBBC
7;0.0;DBBBBBBDDBECCECCDCECCCEEBDDBDBDCDBDBDCECDCEBBEEEBDBBDDBEEBBC
8;0.0;DBBBBBBDDBECCECCDCECCCEEBDDBDBDCDBDBDCECDCEBBEEEBDBBDDBEEBBCCCDB[{¥o
9;0.0;DBBBBBBDDBECCECCDCECCCEEBDDBDBDCDBDBDCECDCEBBEEEBDBBDDBEEBBC
10;0.0;DBBBBBBDDBECCECCDCECCCEEBDDBDBDCDBDBDCECDCEBBEEEBDBBDDBEEBBC
11;0.0;DBBBBBBDDBECCECCDCECCCEEBDDBDBDCDBDBDCECDCEBBEEEBDBBDDBEEBBCEEBDÓ{√o
12;0.0;DBBBBBBDDBECCECCDCECCCEEBDDBDBDCDBDBDCECDCEBBEEEBDBBDDBEEBBC
13;0.0;DBBBBBBDDBECCECCDCECCCEEBDDBDBDCDBDBDCECDCEBBEEEBDBBDDBEEBBCò
14;0.0;DBBBBBBDDBECCECCDCECCCEEBDDBDBDCDBDBDCECDCEBBEEEBDBBDDBEEBBC!€
15;0.0;DBBBBBBDDBECCECCDCECCCEEBDDBDBDCDBDBDCECDCEBBEEEBDBBDDBEEBBC
16;0.0;DBBBBBBDDBECCECCDCECCCEEBDDBDBDCDBDBDCECDCEBBEEEBDBBDDBEEBBC
17;0.0;DBBBBBBDDBECCECCDCECCCEEBDDBDBDCDBDBDCECDCEBBEEEBDBBDDBEEBBC
18;0.0;DBBBBBBDDBECCECCDCECCCEEBDDBDBDCDBDBDCECDCEBBEEEBDBBDDBEEBBC
19;0.0;DBBBBBBDDBECCECCDCECCCEEBDDBDBDCDBDBDCECDCEBBEEEBDBBDDBEEBBCD&
20;0.0;DBBBBBBDDBECCECCDCECCCEEBDDBDBDCDBDBDCECDCEBBEEEBDBBDDBEEBBC
21;0.0;DBBBBBBDDBECCECCDCECCCEEBDDBDBDCDBDBDCECDCEBBEEEBDBBDDBEEBBC
22;0.0;DBBBBBBDDBECCECCDCECCCEEBDDBDBDCDBDBDCECDCEBBEEEBDBBDDBEEBBCd
23;0.0;DBBBBBBDDBECCECCDCECCCEEBDDBDBDCDBDBDCECDCEBBEEEBDBBDDBEEBBCd
24;0.0;DBBBBBBDDBECCECCDCECCCEEBDDBDBDCDBDBDCECDCEBBEEEBDBBDDBEEBBC#
25;0.0;DBBBBBBDDBECCECCDCECCCEEBDDBDBDCDBDBDCECDCEBBEEEBDBBDDBEEBBCH
26;0.0;DBBBBBBDDBECCECCDCECCCEEBDDBDBDCDBDBDCECDCEBBEEEBDBBDDBEEBBC
27;0.0;DBBBBBBDDBECCECCDCECCCEEBDDBDBDCDBDBDCECDCEBBEEEBDBBDDBEEBBC
28;0.0;DBBBBBBDDBECCECCDCECCCEEBDDBDBDCDBDBDCECDCEBBEEEBDBBDDBEEBBCd
29;0.0;DBBBBBBDDBECCECCDCECCCEEBDDBDBDCDBDBDCECDCEBBEEEBDBBDDBEEBBCx-
30;0.0;DBBBBBBDDBECCECCDCECCCEEBDDBDBDCDBDBDCECDCEBBEEEBDBBDDBEEBBC
31;0.0;DBBBBBBDDBECCECCDCECCCEEBDDBDBDCDBDBDCECDCEBBEEEBDBBDDBEEBBCC%
32;0.0;DBBBBBBDDBECCECCDCECCCEEBDDBDBDCDBDBDCECDCEBBEEEBDBBDDBEEBBC
33;0.0;DBBBBBBDDBECCECCDCECCCEEBDDBDBDCDBDBDCECDCEBBEEEBDBBDDBEEBBC
34;0.0;DBBBBBBDDBECCECCDCECCCEEBDDBDBDCDBDBDCECDCEBBEEEBDBBDDBEEBBC
35;0.0;DBBBBBBDDBECCECCDCECCCEEBDDBDBDCDBDBDCECDCEBBEEEBDBBDDBEEBBCD&
36;0.0;DBBBBBBDDBECCECCDCECCCEEBDDBDBDCDBDBDCECDCEBBEEEBDBBDDBEEBBC
37;0.0;DBBBBBBDDBECCECCDCECCCEEBDDBDBDCDBDBDCECDCEBBEEEBDBBDDBEEBBCd
38;0.0;DBBBBBBDDBECCECCDCECCCEEBDDBDBDCDBDBDCECDCEBBEEEBDBBDDBEEBBC
39;0.0;DBBBBBBDDBECCECCDCECCCEEBDDBDBDCDBDBDCECDCEBBEEEBDBBDDBEEBBC
40;0.0;DBBBBBBDDBECCECCDCECCCEEBDDBDBDCDBDBDCECDCEBBEEEBDBBDDBEEBBC
41;0.0;DBBBBBBDDBECCECCDCECCCEEBDDBDBDCDBDBDCECDCEBBEEEBDBBDDBEEBBC
42;0.0;DBBBBBBDDBECCECCDCECCCEEBDDBDBDCDBDBDCECDCEBBEEEBDBBDDBEEBBC
43;0.0;DBBBBBBDDBECCECCDCECCCEEBDDBDBDCDBDBDCECDCEBBEEEBDBBDDBEEBBC
44;0.0;DBBBBBBDDBECCECCDCECCCEEBDDBDBDCDBDBDCECDCEBBEEEBDBBDDBEEBBCd
45;0.0;DBBBBBBDDBECCECCDCECCCEEBDDBDBDCDBDBDCECDCEBBEEEBDBBDDBEEBBCd$
46;0.0;DBBBBBBDDBECCECCDCECCCEEBDDBDBDCDBDBDCECDCEBBEEEBDBBDDBEEBBC
47;0.0;DBBBBBBDDBECCECCDCECCCEEBDDBDBDCDBDBDCECDCEBBEEEBDBBDDBEEBBC
48;0.0;DBBBBBBDDBECCECCDCECCCEEBDDBDBDCDBDBDCECDCEBBEEEBDBBDDBEEBBCd
49;0.0;DBBBBBBDDBECCECCDCECCCEEBDDBDBDCDBDBDCECDCEBBEEEBDBBDDBEEBBCx
50;0.0;DBBBBBBDDBECCECCDCECCCEEBDDBDBDCDBDBDCECDCEBBEEEBDBBDDBEEBBCC
51;0.0;DBBBBBBDDBECCECCDCECCCEEBDDBDBDCDBDBDCECDCEBBEEEBDBBDDBEEBBC
52;0.0;DBBBBBBDDBECCECCDCECCCEEBDDBDBDCDBDBDCECDCEBBEEEBDBBDDBEEBBC
53;0.0;DBBBBBBDDBECCECCDCECCCEEBDDBDBDCDBDBDCECDCEBBEEEBDBBDDBEEBBC
54;0.0;DBBBBBBDDBECCECCDCECCCEEBDDBDBDCDBDBDCECDCEBBEEEBDBBDDBEEBBC
55;0.0;DBBBBBBDDBECCECCDCECCCEEBDDBDBDCDBDBDCECDCEBBEEEBDBBDDBEEBBC–&€
56;0.0;DBBBBBBDDBECCECCDCECCCEEBDDBDBDCDBDBDCECDCEBBEEEBDBBDDBEEBBC†
57;0.0;DBBBBBBDDBECCECCDCECCCEEBDDBDBDCDBDBDCECDCEBBEEEBDBBDDBEEBBC
58;0.0;DBBBBBBDDBECCECCDCECCCEEBDDBDBDCDBDBDCECDCEBBEEEBDBBDDBEEBBC
59;0.0;DBBBBBBDDBECCECCDCECCCEEBDDBDBDCDBDBDCECDCEBBEEEBDBBDDBEEBBC
60;0.0;DBBBBBBDDBECCECCDCECCCEEBDDBDBDCDBDBDCECDCEBBEEEBDBBDDBEEBBC».
61;0.0;DBBBBBBDDBECCECCDCECCCEEBDDBDBDCDBDBDCECDCEBBEEEBDBBDDBEEBBCd
62;0.0;DBBBBBBDDBECCECCDCECCCEEBDDBDBDCDBDBDCECDCEBBEEEBDBBDDBEEBBCD!
63;0.0;DBBBBBBDDBECCECCDCECCCEEBDDBDBDCDBDBDCECDCEBBEEEBDBBDDBEEBBCd
64;0.0;DBBBBBBDDBECCECCDCECCCEEBDDBDBDCDBDBDCECDCEBBEEEBDBBDDBEEBBCd
65;0.0;DBBBBBBDDBECCECCDCECCCEEBDDBDBDCDBDBDCECDCEBBEEEBDBBDDBEEBBC
66;0.0;DBBBBBBDDBECCECCDCECCCEEBDDBDBDCDBDBDCECDCEBBEEEBDBBDDBEEBBC
67;0.0;DBBBBBBDDBECCECCDCECCCEEBDDBDBDCDBDBDCECDCEBBEEEBDBBDDBEEBBCd
68;0.0;DBBBBBBDDBECCECCDCECCCEEBDDBDBDCDBDBDCECDCEBBEEEBDBBDDBEEBBCd
69;0.0;DBBBBBBDDBECCECCDCECCCEEBDDBDBDCDBDBDCECDCEBBEEEBDBBDDBEEBBCd
70;0.0;DBBBBBBDDBECCECCDCECCCEEBDDBDBDCDBDBDCECDCEBBEEEBDBBDDBEEBBC
71;0.0;DBBBBBBDDBECCECCDCECCCEEBDDBDBDCDBDBDCECDCEBBEEEBDBBDDBEEBBC
72;0.0;DBBBBBBDDBECCECCDCECCCEEBDDBDBDCDBDBDCECDCEBBEEEBDBBDDBEEBBC
73;0.0;DBBBBBBDDBECCECCDCECCCEEBDDBDBDCDBDBDCECDCEBBEEEBDBBDDBEEBBC†
74;0.0;DBBBBBBDDBECCECCDCECCCEEBDDBDBDCDBDBDCECDCEBBEEEBDBBDDBEEBBCD&
75;0.0;DBBBBBBDDBECCECCDCECCCEEBDDBDBDCDBDBDCECDCEBBEEEBDBBDDBEEBBC
76;0.0;DBBBBBBDDBECCECCDCECCCEEBDDBDBDCDBDBDCECDCEBBEEEBDBBDDBEEBBC
77;0.0;DBBBBBBDDBECCECCDCECCCEEBDDBDBDCDBDBDCECDCEBBEEEBDBBDDBEEBBCd
78;0.0;DBBBBBBDDBECCECCDCECCCEEBDDBDBDCDBDBDCECDCEBBEEEBDBBDDBEEBBC
79;0.0;DBBBBBBDDBECCECCDCECCCEEBDDBDBDCDBDBDCECDCEBBEEEBDBBDDBEEBBC
80;0.0;DBBBBBBDDBECCECCDCECCCEEBDDBDBDCDBDBDCECDCEBBEEEBDBBDDBEEBBC
81;0.0;DBBBBBBDDBECCECCDCECCCEEBDDBDBDCDBDBDCECDCEBBEEEBDBBDDBEEBBC
82;0.0;DBBBBBBDDBECCECCDCECCCEEBDDBDBDCDBDBDCECDCEBBEEEBDBBDDBEEBBC
83;0.0;DBBBBBBDDBECCECCDCECCCEEBDDBDBDCDBDBDCECDCEBBEEEBDBBDDBEEBBC
84;0.0;DBBBBBBDDBECCECCDCECCCEEBDDBDBDCDBDBDCECDCEBBEEEBDBBDDBEEBBC
85;0.0;DBBBBBBDDBECCECCDCECCCEEBDDBDBDCDBDBDCECDCEBBEEEBDBBDDBEEBBC
86;0.0;DBBBBBBDDBECCECCDCECCCEEBDDBDBDCDBDBDCECDCEBBEEEBDBBDDBEEBBC
87;0.0;DBBBBBBDDBECCECCDCECCCEEBDDBDBDCDBDBDCECDCEBBEEEBDBBDDBEEBBCC
88;0.0;DBBBBBBDDBECCECCDCECCCEEBDDBDBDCDBDBDCECDCEBBEEEBDBBDDBEEBBC»3
89;0.0;DBBBBBBDDBECCECCDCECCCEEBDDBDBDCDBDBDCECDCEBBEEEBDBBDDBEEBBCp7
90;0.0;DBBBBBBDDBECCECCDCECCCEEBDDBDBDCDBDBDCECDCEBBEEEBDBBDDBEEBBCP
91;0.0;DBBBBBBDDBECCECCDCECCCEEBDDBDBDCDBDBDCECDCEBBEEEBDBBDDBEEBBCE$
92;0.0;DBBBBBBDDBECCECCDCECCCEEBDDBDBDCDBDBDCECDCEBBEEEBDBBDDBEEBBCd
93;0.0;DBBBBBBDDBECCECCDCECCCEEBDDBDBDCDBDBDCECDCEBBEEEBDBBDDBEEBBCx
94;0.0;DBBBBBBDDBECCECCDCECCCEEBDDBDBDCDBDBDCECDCEBBEEEBDBBDDBEEBBC
95;0.0;DBBBBBBDDBECCECCDCECCCEEBDDBDBDCDBDBDCECDCEBBEEEBDBBDDBEEBBC
96;0.0;DBBBBBBDDBECCECCDCECCCEEBDDBDBDCDBDBDCECDCEBBEEEBDBBDDBEEBBC
97;0.0;DBBBBBBDDBECCECCDCECCCEEBDDBDBDCDBDBDCECDCEBBEEEBDBBDDBEEBBCH
98;0.0;DBBBBBBDDBECCECCDCECCCEEBDDBDBDCDBDBDCECDCEBBEEEBDBBDDBEEBBCP
99;0.0;DBBBBBBDDBECCECCDCECCCEEBDDBDBDCDBDBDCECDCEBBEEEBDBBDDBEEBBCd
100;0.0;DBBBBBBDDBECCECCDCECCCEEBDDBDBDCDBDBDCECDCEBBEEEBDBBDDBEEBBC
101;0.0;DBBBBBBDDBECCECCDCECCCEEBDDBDBDCDBDBDCECDCEBBEEEBDBBDDBEEBBCò
102;0.0;DBBBBBBDDBECCECCDCECCCEEBDDBDBDCDBDBDCECDCEBBEEEBDBBDDBEEBBCd
103;0.0;DBBBBBBDDBECCECCDCECCCEEBDDBDBDCDBDBDCECDCEBBEEEBDBBDDBEEBBC
104;0.0;DBBBBBBDDBECCECCDCECCCEEBDDBDBDCDBDBDCECDCEBBEEEBDBBDDBEEBBC
105;0.0;DBBBBBBDDBECCECCDCECCCEEBDDBDBDCDBDBDCECDCEBBEEEBDBBDDBEEBBC
106;0.0;DBBBBBBDDBECCECCDCECCCEEBDDBDBDCDBDBDCECDCEBBEEEBDBBDDBEEBBC!€
107;0.0;DBBBBBBDDBECCECCDCECCCEEBDDBDBDCDBDBDCECDCEBBEEEBDBBDDBEEBBCò'€
108;0.0;DBBBBBBDDBECCECCDCECCCEEBDDBDBDCDBDBDCECDCEBBEEEBDBBDDBEEBBCx
109;0.0;DBBBBBBDDBECCECCDCECCCEEBDDBDBDCDBDBDCECDCEBBEEEBDBBDDBEEBBC(

110;0.0;DBBBBBBDDBECCECCDCECCCEEBDDBDBDCDBDBDCECDCEBBEEEBDBBDDBEEBBCD&
111;0.0;DBBBBBBDDBECCECCDCECCCEEBDDBDBDCDBDBDCECDCEBBEEEBDBBDDBEEBBC
112;0.0;DBBBBBBDDBECCECCDCECCCEEBDDBDBDCDBDBDCECDCEBBEEEBDBBDDBEEBBC
113;0.0;DBBBBBBDDBECCECCDCECCCEEBDDBDBDCDBDBDCECDCEBBEEEBDBBDDBEEBBC#
114;0.0;DBBBBBBDDBECCECCDCECCCEEBDDBDBDCDBDBDCECDCEBBEEEBDBBDDBEEBBCD!
115;0.0;DBBBBBBDDBECCECCDCECCCEEBDDBDBDCDBDBDCECDCEBBEEEBDBBDDBEEBBC
116;0.0;DBBBBBBDDBECCECCDCECCCEEBDDBDBDCDBDBDCECDCEBBEEEBDBBDDBEEBBCò
117;0.0;DBBBBBBDDBECCECCDCECCCEEBDDBDBDCDBDBDCECDCEBBEEEBDBBDDBEEBBCd
118;0.0;DBBBBBBDDBECCECCDCECCCEEBDDBDBDCDBDBDCECDCEBBEEEBDBBDDBEEBBC–&€
119;0.0;DBBBBBBDDBECCECCDCECCCEEBDDBDBDCDBDBDCECDCEBBEEEBDBBDDBEEBBCd
120;0.0;DBBBBBBDDBECCECCDCECCCEEBDDBDBDCDBDBDCECDCEBBEEEBDBBDDBEEBBCd
121;0.0;DBBBBBBDDBECCECCDCECCCEEBDDBDBDCDBDBDCECDCEBBEEEBDBBDDBEEBBCx
122;0.0;DBBBBBBDDBECCECCDCECCCEEBDDBDBDCDBDBDCECDCEBBEEEBDBBDDBEEBBCò"€
123;0.0;DBBBBBBDDBECCECCDCECCCEEBDDBDBDCDBDBDCECDCEBBEEEBDBBDDBEEBBC
124;0.0;DBBBBBBDDBECCECCDCECCCEEBDDBDBDCDBDBDCECDCEBBEEEBDBBDDBEEBBCd
125;0.0;DBBBBBBDDBECCECCDCECCCEEBDDBDBDCDBDBDCECDCEBBEEEBDBBDDBEEBBC
126;0.0;DBBBBBBDDBECCECCDCECCCEEBDDBDBDCDBDBDCECDCEBBEEEBDBBDDBEEBBC!€
127;0.0;DBBBBBBDDBECCECCDCECCCEEBDDBDBDCDBDBDCECDCEBBEEEBDBBDDBEEBBC
128;0.0;DBBBBBBDDBECCECCDCECCCEEBDDBDBDCDBDBDCECDCEBBEEEBDBBDDBEEBBC
129;0.0;DBBBBBBDDBECCECCDCECCCEEBDDBDBDCDBDBDCECDCEBBEEEBDBBDDBEEBBC 
130;0.0;DBBBBBBDDBECCECCDCECCCEEBDDBDBDCDBDBDCECDCEBBEEEBDBBDDBEEBBC–!€
131;0.0;DBBBBBBDDBECCECCDCECCCEEBDDBDBDCDBDBDCECDCEBBEEEBDBBDDBEEBBC
132;0.0;DBBBBBBDDBECCECCDCECCCEEBDDBDBDCDBDBDCECDCEBBEEEBDBBDDBEEBBC
133;0.0;DBBBBBBDDBECCECCDCECCCEEBDDBDBDCDBDBDCECDCEBBEEEBDBBDDBEEBBC
134;0.0;DBBBBBBDDBECCECCDCECCCEEBDDBDBDCDBDBDCECDCEBBEEEBDBBDDBEEBBCC'
135;0.0;DBBBBBBDDBECCECCDCECCCEEBDDBDBDCDBDBDCECDCEBBEEEBDBBDDBEEBBC
136;0.0;DBBBBBBDDBECCECCDCECCCEEBDDBDBDCDBDBDCECDCEBBEEEBDBBDDBEEBBCd
137;0.0;DBBBBBBDDBECCECCDCECCCEEBDDBDBDCDBDBDCECDCEBBEEEBDBBDDBEEBBCd
138;0.0;DBBBBBBDDBECCECCDCECCCEEBDDBDBDCDBDBDCECDCEBBEEEBDBBDDBEEBBC
139;0.0;DBBBBBBDDBECCECCDCECCCEEBDDBDBDCDBDBDCECDCEBBEEEBDBBDDBEEBBC–+€
140;0.0;DBBBBBBDDBECCECCDCECCCEEBDDBDBDCDBDBDCECDCEBBEEEBDBBDDBEEBBC
141;0.0;DBBBBBBDDBECCECCDCECCCEEBDDBDBDCDBDBDCECDCEBBEEEBDBBDDBEEBBC
142;0.0;DBBBBBBDDBECCECCDCECCCEEBDDBDBDCDBDBDCECDCEBBEEEBDBBDDBEEBBC
143;0.0;DBBBBBBDDBECCECCDCECCCEEBDDBDBDCDBDBDCECDCEBBEEEBDBBDDBEEBBC
144;0.0;DBBBBBBDDBECCECCDCECCCEEBDDBDBDCDBDBDCECDCEBBEEEBDBBDDBEEBBCd
145;0.0;DBBBBBBDDBECCECCDCECCCEEBDDBDBDCDBDBDCECDCEBBEEEBDBBDDBEEBBC
146;0.0;DBBBBBBDDBECCECCDCECCCEEBDDBDBDCDBDBDCECDCEBBEEEBDBBDDBEEBBC¿
147;0.0;DBBBBBBDDBECCECCDCECCCEEBDDBDBDCDBDBDCECDCEBBEEEBDBBDDBEEBBC®
148;0.0;DBBBBBBDDBECCECCDCECCCEEBDDBDBDCDBDBDCECDCEBBEEEBDBBDDBEEBBC
149;0.0;DBBBBBBDDBECCECCDCECCCEEBDDBDBDCDBDBDCECDCEBBEEEBDBBDDBEEBBC
150;0.0;DBBBBBBDDBECCECCDCECCCEEBDDBDBDCDBDBDCECDCEBBEEEBDBBDDBEEBBC
151;0.0;DBBBBBBDDBECCECCDCECCCEEBDDBDBDCDBDBDCECDCEBBEEEBDBBDDBEEBBC»)€
152;0.0;DBBBBBBDDBECCECCDCECCCEEBDDBDBDCDBDBDCECDCEBBEEEBDBBDDBEEBBC
153;0.0;DBBBBBBDDBECCECCDCECCCEEBDDBDBDCDBDBDCECDCEBBEEEBDBBDDBEEBBC
154;0.0;DBBBBBBDDBECCECCDCECCCEEBDDBDBDCDBDBDCECDCEBBEEEBDBBDDBEEBBCd
155;0.0;DBBBBBBDDBECCECCDCECCCEEBDDBDBDCDBDBDCECDCEBBEEEBDBBDDBEEBBC
156;0.0;DBBBBBBDDBECCECCDCECCCEEBDDBDBDCDBDBDCECDCEBBEEEBDBBDDBEEBBCË2
157;0.0;DBBBBBBDDBECCECCDCECCCEEBDDBDBDCDBDBDCECDCEBBEEEBDBBDDBEEBBC
158;0.0;DBBBBBBDDBECCECCDCECCCEEBDDBDBDCDBDBDCECDCEBBEEEBDBBDDBEEBBC∏ €
159;0.0;DBBBBBBDDBECCECCDCECCCEEBDDBDBDCDBDBDCECDCEBBEEEBDBBDDBEEBBC
160;0.0;DBBBBBBDDBECCECCDCECCCEEBDDBDBDCDBDBDCECDCEBBEEEBDBBDDBEEBBC
161;0.0;DBBBBBBDDBECCECCDCECCCEEBDDBDBDCDBDBDCECDCEBBEEEBDBBDDBEEBBC†
162;0.0;DBBBBBBDDBECCECCDCECCCEEBDDBDBDCDBDBDCECDCEBBEEEBDBBDDBEEBBC–
163;0.0;DBBBBBBDDBECCECCDCECCCEEBDDBDBDCDBDBDCECDCEBBEEEBDBBDDBEEBBCd
164;0.0;DBBBBBBDDBECCECCDCECCCEEBDDBDBDCDBDBDCECDCEBBEEEBDBBDDBEEBBCd$
165;0.0;DBBBBBBDDBECCECCDCECCCEEBDDBDBDCDBDBDCECDCEBBEEEBDBBDDBEEBBC
166;0.0;DBBBBBBDDBECCECCDCECCCEEBDDBDBDCDBDBDCECDCEBBEEEBDBBDDBEEBBC
167;0.0;DBBBBBBDDBECCECCDCECCCEEBDDBDBDCDBDBDCECDCEBBEEEBDBBDDBEEBBC
168;0.0;DBBBBBBDDBECCECCDCECCCEEBDDBDBDCDBDBDCECDCEBBEEEBDBBDDBEEBBCd
169;0.0;DBBBBBBDDBECCECCDCECCCEEBDDBDBDCDBDBDCECDCEBBEEEBDBBDDBEEBBC»3
170;0.0;DBBBBBBDDBECCECCDCECCCEEBDDBDBDCDBDBDCECDCEBBEEEBDBBDDBEEBBC»)€
171;0.0;DBBBBBBDDBECCECCDCECCCEEBDDBDBDCDBDBDCECDCEBBEEEBDBBDDBEEBBC
172;0.0;DBBBBBBDDBECCECCDCECCCEEBDDBDBDCDBDBDCECDCEBBEEEBDBBDDBEEBBCd$
173;0.0;DBBBBBBDDBECCECCDCECCCEEBDDBDBDCDBDBDCECDCEBBEEEBDBBDDBEEBBC
174;0.0;DBBBBBBDDBECCECCDCECCCEEBDDBDBDCDBDBDCECDCEBBEEEBDBBDDBEEBBCd
175;0.0;DBBBBBBDDBECCECCDCECCCEEBDDBDBDCDBDBDCECDCEBBEEEBDBBDDBEEBBCd
176;0.0;DBBBBBBDDBECCECCDCECCCEEBDDBDBDCDBDBDCECDCEBBEEEBDBBDDBEEBBCd
177;0.0;DBBBBBBDDBECCECCDCECCCEEBDDBDBDCDBDBDCECDCEBBEEEBDBBDDBEEBBCÿ
178;0.0;DBBBBBBDDBECCECCDCECCCEEBDDBDBDCDBDBDCECDCEBBEEEBDBBDDBEEBBC
179;0.0;DBBBBBBDDBECCECCDCECCCEEBDDBDBDCDBDBDCECDCEBBEEEBDBBDDBEEBBC
180;0.0;DBBBBBBDDBECCECCDCECCCEEBDDBDBDCDBDBDCECDCEBBEEEBDBBDDBEEBBCx-
181;0.0;DBBBBBBDDBECCECCDCECCCEEBDDBDBDCDBDBDCECDCEBBEEEBDBBDDBEEBBCd$
182;0.0;DBBBBBBDDBECCECCDCECCCEEBDDBDBDCDBDBDCECDCEBBEEEBDBBDDBEEBBC
183;0.0;DBBBBBBDDBECCECCDCECCCEEBDDBDBDCDBDBDCECDCEBBEEEBDBBDDBEEBBC
184;0.0;DBBBBBBDDBECCECCDCECCCEEBDDBDBDCDBDBDCECDCEBBEEEBDBBDDBEEBBC
185;0.0;DBBBBBBDDBECCECCDCECCCEEBDDBDBDCDBDBDCECDCEBBEEEBDBBDDBEEBBC
186;0.0;DBBBBBBDDBECCECCDCECCCEEBDDBDBDCDBDBDCECDCEBBEEEBDBBDDBEEBBCd
187;0.0;DBBBBBBDDBECCECCDCECCCEEBDDBDBDCDBDBDCECDCEBBEEEBDBBDDBEEBBC
188;0.0;DBBBBBBDDBECCECCDCECCCEEBDDBDBDCDBDBDCECDCEBBEEEBDBBDDBEEBBCd
189;0.0;DBBBBBBDDBECCECCDCECCCEEBDDBDBDCDBDBDCECDCEBBEEEBDBBDDBEEBBC
190;0.0;DBBBBBBDDBECCECCDCECCCEEBDDBDBDCDBDBDCECDCEBBEEEBDBBDDBEEBBC
191;0.0;DBBBBBBDDBECCECCDCECCCEEBDDBDBDCDBDBDCECDCEBBEEEBDBBDDBEEBBCD!
192;0.0;DBBBBBBDDBECCECCDCECCCEEBDDBDBDCDBDBDCECDCEBBEEEBDBBDDBEEBBCà
193;0.0;DBBBBBBDDBECCECCDCECCCEEBDDBDBDCDBDBDCECDCEBBEEEBDBBDDBEEBBC8
194;0.0;DBBBBBBDDBECCECCDCECCCEEBDDBDBDCDBDBDCECDCEBBEEEBDBBDDBEEBBCd
195;0.0;DBBBBBBDDBECCECCDCECCCEEBDDBDBDCDBDBDCECDCEBBEEEBDBBDDBEEBBC
196;0.0;DBBBBBBDDBECCECCDCECCCEEBDDBDBDCDBDBDCECDCEBBEEEBDBBDDBEEBBC
197;0.0;DBBBBBBDDBECCECCDCECCCEEBDDBDBDCDBDBDCECDCEBBEEEBDBBDDBEEBBCò
198;0.0;DBBBBBBDDBECCECCDCECCCEEBDDBDBDCDBDBDCECDCEBBEEEBDBBDDBEEBBCd
199;0.0;DBBBBBBDDBECCECCDCECCCEEBDDBDBDCDBDBDCECDCEBBEEEBDBBDDBEEBBCd
200;0.0;DBBBBBBDDBECCECCDCECCCEEBDDBDBDCDBDBDCECDCEBBEEEBDBBDDBEEBBCd
201;0.0;DBBBBBBDDBECCECCDCECCCEEBDDBDBDCDBDBDCECDCEBBEEEBDBBDDBEEBBC(

202;0.0;DBBBBBBDDBECCECCDCECCCEEBDDBDBDCDBDBDCECDCEBBEEEBDBBDDBEEBBC
203;0.0;DBBBBBBDDBECCECCDCECCCEEBDDBDBDCDBDBDCECDCEBBEEEBDBBDDBEEBBC!€
204;0.0;DBBBBBBDDBECCECCDCECCCEEBDDBDBDCDBDBDCECDCEBBEEEBDBBDDBEEBBC
205;0.0;DBBBBBBDDBECCECCDCECCCEEBDDBDBDCDBDBDCECDCEBBEEEBDBBDDBEEBBCd
206;0.0;DBBBBBBDDBECCECCDCECCCEEBDDBDBDCDBDBDCECDCEBBEEEBDBBDDBEEBBC
207;0.0;DBBBBBBDDBECCECCDCECCCEEBDDBDBDCDBDBDCECDCEBBEEEBDBBDDBEEBBCd
208;0.0;DBBBBBBDDBECCECCDCECCCEEBDDBDBDCDBDBDCECDCEBBEEEBDBBDDBEEBBC8
209;0.0;DBBBBBBDDBECCECCDCECCCEEBDDBDBDCDBDBDCECDCEBBEEEBDBBDDBEEBBC
210;0.0;DBBBBBBDDBECCECCDCECCCEEBDDBDBDCDBDBDCECDCEBBEEEBDBBDDBEEBBC
211;0.0;DBBBBBBDDBECCECCDCECCCEEBDDBDBDCDBDBDCECDCEBBEEEBDBBDDBEEBBCC#
212;0.0;DBBBBBBDDBECCECCDCECCCEEBDDBDBDCDBDBDCECDCEBBEEEBDBBDDBEEBBCx-
213;0.0;DBBBBBBDDBECCECCDCECCCEEBDDBDBDCDBDBDCECDCEBBEEEBDBBDDBEEBBCd)
214;0.0;DBBBBBBDDBECCECCDCECCCEEBDDBDBDCDBDBDCECDCEBBEEEBDBBDDBEEBBC
215;0.0;DBBBBBBDDBECCECCDCECCCEEBDDBDBDCDBDBDCECDCEBBEEEBDBBDDBEEBBC
216;0.0;DBBBBBBDDBECCECCDCECCCEEBDDBDBDCDBDBDCECDCEBBEEEBDBBDDBEEBBC
217;0.0;DBBBBBBDDBECCECCDCECCCEEBDDBDBDCDBDBDCECDCEBBEEEBDBBDDBEEBBC
218;0.0;DBBBBBBDDBECCECCDCECCCEEBDDBDBDCDBDBDCECDCEBBEEEBDBBDDBEEBBC
219;0.0;DBBBBBBDDBECCECCDCECCCEEBDDBDBDCDBDBDCECDCEBBEEEBDBBDDBEEBBC
220;0.0;DBBBBBBDDBECCECCDCECCCEEBDDBDBDCDBDBDCECDCEBBEEEBDBBDDBEEBBC
221;0.0;DBBBBBBDDBECCECCDCECCCEEBDDBDBDCDBDBDCECDCEBBEEEBDBBDDBEEBBC
222;0.0;DBBBBBBDDBECCECCDCECCCEEBDDBDBDCDBDBDCECDCEBBEEEBDBBDDBEEBBC
223;0.0;DBBBBBBDDBECCECCDCECCCEEBDDBDBDCDBDBDCECDCEBBEEEBDBBDDBEEBBC
224;0.0;DBBBBBBDDBECCECCDCECCCEEBDDBDBDCDBDBDCECDCEBBEEEBDBBDDBEEBBC»3
225;0.0;DBBBBBBDDBECCECCDCECCCEEBDDBDBDCDBDBDCECDCEBBEEEBDBBDDBEEBBCd
226;0.0;DBBBBBBDDBECCECCDCECCCEEBDDBDBDCDBDBDCECDCEBBEEEBDBBDDBEEBBCd
227;0.0;DBBBBBBDDBECCECCDCECCCEEBDDBDBDCDBDBDCECDCEBBEEEBDBBDDBEEBBC®
228;0.0;DBBBBBBDDBECCECCDCECCCEEBDDBDBDCDBDBDCECDCEBBEEEBDBBDDBEEBBCd$
229;0.0;DBBBBBBDDBECCECCDCECCCEEBDDBDBDCDBDBDCECDCEBBEEEBDBBDDBEEBBC
230;0.0;DBBBBBBDDBECCECCDCECCCEEBDDBDBDCDBDBDCECDCEBBEEEBDBBDDBEEBBCd
231;0.0;DBBBBBBDDBECCECCDCECCCEEBDDBDBDCDBDBDCECDCEBBEEEBDBBDDBEEBBC
232;0.0;DBBBBBBDDBECCECCDCECCCEEBDDBDBDCDBDBDCECDCEBBEEEBDBBDDBEEBBC
233;0.0;DBBBBBBDDBECCECCDCECCCEEBDDBDBDCDBDBDCECDCEBBEEEBDBBDDBEEBBCd
234;0.0;DBBBBBBDDBECCECCDCECCCEEBDDBDBDCDBDBDCECDCEBBEEEBDBBDDBEEBBCP
235;0.0;DBBBBBBDDBECCECCDCECCCEEBDDBDBDCDBDBDCECDCEBBEEEBDBBDDBEEBBCD&
236;0.0;DBBBBBBDDBECCECCDCECCCEEBDDBDBDCDBDBDCECDCEBBEEEBDBBDDBEEBBCd
237;0.0;DBBBBBBDDBECCECCDCECCCEEBDDBDBDCDBDBDCECDCEBBEEEBDBBDDBEEBBC
238;0.0;DBBBBBBDDBECCECCDCECCCEEBDDBDBDCDBDBDCECDCEBBEEEBDBBDDBEEBBC–+€
239;0.0;DBBBBBBDDBECCECCDCECCCEEBDDBDBDCDBDBDCECDCEBBEEEBDBBDDBEEBBCd
240;0.0;DBBBBBBDDBECCECCDCECCCEEBDDBDBDCDBDBDCECDCEBBEEEBDBBDDBEEBBC
241;0.0;DBBBBBBDDBECCECCDCECCCEEBDDBDBDCDBDBDCECDCEBBEEEBDBBDDBEEBBC
242;0.0;DBBBBBBDDBECCECCDCECCCEEBDDBDBDCDBDBDCECDCEBBEEEBDBBDDBEEBBCC%
243;0.0;DBBBBBBDDBECCECCDCECCCEEBDDBDBDCDBDBDCECDCEBBEEEBDBBDDBEEBBC
244;0.0;DBBBBBBDDBECCECCDCECCCEEBDDBDBDCDBDBDCECDCEBBEEEBDBBDDBEEBBC
245;0.0;DBBBBBBDDBECCECCDCECCCEEBDDBDBDCDBDBDCECDCEBBEEEBDBBDDBEEBBC((
246;0.0;DBBBBBBDDBECCECCDCECCCEEBDDBDBDCDBDBDCECDCEBBEEEBDBBDDBEEBBC∏ €
247;0.0;DBBBBBBDDBECCECCDCECCCEEBDDBDBDCDBDBDCECDCEBBEEEBDBBDDBEEBBCd
248;0.0;DBBBBBBDDBECCECCDCECCCEEBDDBDBDCDBDBDCECDCEBBEEEBDBBDDBEEBBC
249;0.0;DBBBBBBDDBECCECCDCECCCEEBDDBDBDCDBDBDCECDCEBBEEEBDBBDDBEEBBC
250;0.0;DBBBBBBDDBECCECCDCECCCEEBDDBDBDCDBDBDCECDCEBBEEEBDBBDDBEEBBC
251;0.0;DBBBBBBDDBECCECCDCECCCEEBDDBDBDCDBDBDCECDCEBBEEEBDBBDDBEEBBCP
252;0.0;DBBBBBBDDBECCECCDCECCCEEBDDBDBDCDBDBDCECDCEBBEEEBDBBDDBEEBBCd
253;0.0;DBBBBBBDDBECCECCDCECCCEEBDDBDBDCDBDBDCECDCEBBEEEBDBBDDBEEBBC†
254;0.0;DBBBBBBDDBECCECCDCECCCEEBDDBDBDCDBDBDCECDCEBBEEEBDBBDDBEEBBCd
255;0.0;DBBBBBBDDBECCECCDCECCCEEBDDBDBDCDBDBDCECDCEBBEEEBDBBDDBEEBBC
256;0.0;DBBBBBBDDBECCECCDCECCCEEBDDBDBDCDBDBDCECDCEBBEEEBDBBDDBEEBBC
257;0.0;DBBBBBBDDBECCECCDCECCCEEBDDBDBDCDBDBDCECDCEBBEEEBDBBDDBEEBBCd
258;0.0;DBBBBBBDDBECCECCDCECCCEEBDDBDBDCDBDBDCECDCEBBEEEBDBBDDBEEBBC
259;0.0;DBBBBBBDDBECCECCDCECCCEEBDDBDBDCDBDBDCECDCEBBEEEBDBBDDBEEBBCD
260;0.0;DBBBBBBDDBECCECCDCECCCEEBDDBDBDCDBDBDCECDCEBBEEEBDBBDDBEEBBC
261;0.0;DBBBBBBDDBECCECCDCECCCEEBDDBDBDCDBDBDCECDCEBBEEEBDBBDDBEEBBC
262;0.0;DBBBBBBDDBECCECCDCECCCEEBDDBDBDCDBDBDCECDCEBBEEEBDBBDDBEEBBC∏ €
263;0.0;DBBBBBBDDBECCECCDCECCCEEBDDBDBDCDBDBDCECDCEBBEEEBDBBDDBEEBBC
264;0.0;DBBBBBBDDBECCECCDCECCCEEBDDBDBDCDBDBDCECDCEBBEEEBDBBDDBEEBBCx
265;0.0;DBBBBBBDDBECCECCDCECCCEEBDDBDBDCDBDBDCECDCEBBEEEBDBBDDBEEBBC
266;0.0;DBBBBBBDDBECCECCDCECCCEEBDDBDBDCDBDBDCECDCEBBEEEBDBBDDBEEBBCP
267;0.0;DBBBBBBDDBECCECCDCECCCEEBDDBDBDCDBDBDCECDCEBBEEEBDBBDDBEEBBCd
268;0.0;DBBBBBBDDBECCECCDCECCCEEBDDBDBDCDBDBDCECDCEBBEEEBDBBDDBEEBBC
269;0.0;DBBBBBBDDBECCECCDCECCCEEBDDBDBDCDBDBDCECDCEBBEEEBDBBDDBEEBBCd
270;0.0;DBBBBBBDDBECCECCDCECCCEEBDDBDBDCDBDBDCECDCEBBEEEBDBBDDBEEBBCd
271;0.0;DBBBBBBDDBECCECCDCECCCEEBDDBDBDCDBDBDCECDCEBBEEEBDBBDDBEEBBC
272;0.0;DBBBBBBDDBECCECCDCECCCEEBDDBDBDCDBDBDCECDCEBBEEEBDBBDDBEEBBC
273;0.0;DBBBBBBDDBECCECCDCECCCEEBDDBDBDCDBDBDCECDCEBBEEEBDBBDDBEEBBC
274;0.0;DBBBBBBDDBECCECCDCECCCEEBDDBDBDCDBDBDCECDCEBBEEEBDBBDDBEEBBCP
275;0.0;DBBBBBBDDBECCECCDCECCCEEBDDBDBDCDBDBDCECDCEBBEEEBDBBDDBEEBBCd
276;0.0;DBBBBBBDDBECCECCDCECCCEEBDDBDBDCDBDBDCECDCEBBEEEBDBBDDBEEBBC8
277;0.0;DBBBBBBDDBECCECCDCECCCEEBDDBDBDCDBDBDCECDCEBBEEEBDBBDDBEEBBC
278;0.0;DBBBBBBDDBECCECCDCECCCEEBDDBDBDCDBDBDCECDCEBBEEEBDBBDDBEEBBC
279;0.0;DBBBBBBDDBECCECCDCECCCEEBDDBDBDCDBDBDCECDCEBBEEEBDBBDDBEEBBCd
280;0.0;DBBBBBBDDBECCECCDCECCCEEBDDBDBDCDBDBDCECDCEBBEEEBDBBDDBEEBBC
281;0.0;DBBBBBBDDBECCECCDCECCCEEBDDBDBDCDBDBDCECDCEBBEEEBDBBDDBEEBBC
282;0.0;DBBBBBBDDBECCECCDCECCCEEBDDBDBDCDBDBDCECDCEBBEEEBDBBDDBEEBBCP
283;0.0;DBBBBBBDDBECCECCDCECCCEEBDDBDBDCDBDBDCECDCEBBEEEBDBBDDBEEBBCE"
284;0.0;DBBBBBBDDBECCECCDCECCCEEBDDBDBDCDBDBDCECDCEBBEEEBDBBDDBEEBBC
285;0.0;DBBBBBBDDBECCECCDCECCCEEBDDBDBDCDBDBDCECDCEBBEEEBDBBDDBEEBBCd
286;0.0;DBBBBBBDDBECCECCDCECCCEEBDDBDBDCDBDBDCECDCEBBEEEBDBBDDBEEBBC8
287;0.0;DBBBBBBDDBECCECCDCECCCEEBDDBDBDCDBDBDCECDCEBBEEEBDBBDDBEEBBC
288;0.0;DBBBBBBDDBECCECCDCECCCEEBDDBDBDCDBDBDCECDCEBBEEEBDBBDDBEEBBCd
289;0.0;DBBBBBBDDBECCECCDCECCCEEBDDBDBDCDBDBDCECDCEBBEEEBDBBDDBEEBBC
290;0.0;DBBBBBBDDBECCECCDCECCCEEBDDBDBDCDBDBDCECDCEBBEEEBDBBDDBEEBBC
291;0.0;DBBBBBBDDBECCECCDCECCCEEBDDBDBDCDBDBDCECDCEBBEEEBDBBDDBEEBBC
292;0.0;DBBBBBBDDBECCECCDCECCCEEBDDBDBDCDBDBDCECDCEBBEEEBDBBDDBEEBBCx-
293;0.0;DBBBBBBDDBECCECCDCECCCEEBDDBDBDCDBDBDCECDCEBBEEEBDBBDDBEEBBC
294;0.0;DBBBBBBDDBECCECCDCECCCEEBDDBDBDCDBDBDCECDCEBBEEEBDBBDDBEEBBCD&
295;0.0;DBBBBBBDDBECCECCDCECCCEEBDDBDBDCDBDBDCECDCEBBEEEBDBBDDBEEBBC
296;0.0;DBBBBBBDDBECCECCDCECCCEEBDDBDBDCDBDBDCECDCEBBEEEBDBBDDBEEBBC
297;0.0;DBBBBBBDDBECCECCDCECCCEEBDDBDBDCDBDBDCECDCEBBEEEBDBBDDBEEBBC((
298;0.0;DBBBBBBDDBECCECCDCECCCEEBDDBDBDCDBDBDCECDCEBBEEEBDBBDDBEEBBC
299;0.0;DBBBBBBDDBECCECCDCECCCEEBDDBDBDCDBDBDCECDCEBBEEEBDBBDDBEEBBC
300;0.0;DBBBBBBDDBECCECCDCECCCEEBDDBDBDCDBDBDCECDCEBBEEEBDBBDDBEEBBC».
301;0.0;DBBBBBBDDBECCECCDCECCCEEBDDBDBDCDBDBDCECDCEBBEEEBDBBDDBEEBBCx-
302;0.0;DBBBBBBDDBECCECCDCECCCEEBDDBDBDCDBDBDCECDCEBBEEEBDBBDDBEEBBCP
303;0.0;DBBBBBBDDBECCECCDCECCCEEBDDBDBDCDBDBDCECDCEBBEEEBDBBDDBEEBBCD 
304;0.0;DBBBBBBDDBECCECCDCECCCEEBDDBDBDCDBDBDCECDCEBBEEEBDBBDDBEEBBC
305;0.0;DBBBBBBDDBECCECCDCECCCEEBDDBDBDCDBDBDCECDCEBBEEEBDBBDDBEEBBCx
306;0.0;DBBBBBBDDBECCECCDCECCCEEBDDBDBDCDBDBDCECDCEBBEEEBDBBDDBEEBBC
307;0.0;DBBBBBBDDBECCECCDCECCCEEBDDBDBDCDBDBDCECDCEBBEEEBDBBDDBEEBBCd
308;0.0;DBBBBBBDDBECCECCDCECCCEEBDDBDBDCDBDBDCECDCEBBEEEBDBBDDBEEBBC
309;0.0;DBBBBBBDDBECCECCDCECCCEEBDDBDBDCDBDBDCECDCEBBEEEBDBBDDBEEBBCd
310;0.0;DBBBBBBDDBECCECCDCECCCEEBDDBDBDCDBDBDCECDCEBBEEEBDBBDDBEEBBCd
311;0.0;DBBBBBBDDBECCECCDCECCCEEBDDBDBDCDBDBDCECDCEBBEEEBDBBDDBEEBBC
312;0.0;DBBBBBBDDBECCECCDCECCCEEBDDBDBDCDBDBDCECDCEBBEEEBDBBDDBEEBBC»3
313;0.0;DBBBBBBDDBECCECCDCECCCEEBDDBDBDCDBDBDCECDCEBBEEEBDBBDDBEEBBCË2
314;0.0;DBBBBBBDDBECCECCDCECCCEEBDDBDBDCDBDBDCECDCEBBEEEBDBBDDBEEBBC®
315;0.0;DBBBBBBDDBECCECCDCECCCEEBDDBDBDCDBDBDCECDCEBBEEEBDBBDDBEEBBC
316;0.0;DBBBBBBDDBECCECCDCECCCEEBDDBDBDCDBDBDCECDCEBBEEEBDBBDDBEEBBC
317;0.0;DBBBBBBDDBECCECCDCECCCEEBDDBDBDCDBDBDCECDCEBBEEEBDBBDDBEEBBC86
318;0.0;DBBBBBBDDBECCECCDCECCCEEBDDBDBDCDBDBDCECDCEBBEEEBDBBDDBEEBBCE"
319;0.0;DBBBBBBDDBECCECCDCECCCEEBDDBDBDCDBDBDCECDCEBBEEEBDBBDDBEEBBC
320;0.0;DBBBBBBDDBECCECCDCECCCEEBDDBDBDCDBDBDCECDCEBBEEEBDBBDDBEEBBC
321;0.0;DBBBBBBDDBECCECCDCECCCEEBDDBDBDCDBDBDCECDCEBBEEEBDBBDDBEEBBCò
322;0.0;DBBBBBBDDBECCECCDCECCCEEBDDBDBDCDBDBDCECDCEBBEEEBDBBDDBEEBBC
323;0.0;DBBBBBBDDBECCECCDCECCCEEBDDBDBDCDBDBDCECDCEBBEEEBDBBDDBEEBBCd
324;0.0;DBBBBBBDDBECCECCDCECCCEEBDDBDBDCDBDBDCECDCEBBEEEBDBBDDBEEBBCd)
325;0.0;DBBBBBBDDBECCECCDCECCCEEBDDBDBDCDBDBDCECDCEBBEEEBDBBDDBEEBBC
326;0.0;DBBBBBBDDBECCECCDCECCCEEBDDBDBDCDBDBDCECDCEBBEEEBDBBDDBEEBBC8
327;0.0;DBBBBBBDDBECCECCDCECCCEEBDDBDBDCDBDBDCECDCEBBEEEBDBBDDBEEBBC
328;0.0;DBBBBBBDDBECCECCDCECCCEEBDDBDBDCDBDBDCECDCEBBEEEBDBBDDBEEBBC
329;0.0;DBBBBBBDDBECCECCDCECCCEEBDDBDBDCDBDBDCECDCEBBEEEBDBBDDBEEBBC
330;0.0;DBBBBBBDDBECCECCDCECCCEEBDDBDBDCDBDBDCECDCEBBEEEBDBBDDBEEBBC
331;0.0;DBBBBBBDDBECCECCDCECCCEEBDDBDBDCDBDBDCECDCEBBEEEBDBBDDBEEBBCD&
332;0.0;DBBBBBBDDBECCECCDCECCCEEBDDBDBDCDBDBDCECDCEBBEEEBDBBDDBEEBBC
333;0.0;DBBBBBBDDBECCECCDCECCCEEBDDBDBDCDBDBDCECDCEBBEEEBDBBDDBEEBBC
334;0.0;DBBBBBBDDBECCECCDCECCCEEBDDBDBDCDBDBDCECDCEBBEEEBDBBDDBEEBBC
335;0.0;DBBBBBBDDBECCECCDCECCCEEBDDBDBDCDBDBDCECDCEBBEEEBDBBDDBEEBBC8
336;0.0;DBBBBBBDDBECCECCDCECCCEEBDDBDBDCDBDBDCECDCEBBEEEBDBBDDBEEBBCd
337;0.0;DBBBBBBDDBECCECCDCECCCEEBDDBDBDCDBDBDCECDCEBBEEEBDBBDDBEEBBC
338;0.0;DBBBBBBDDBECCECCDCECCCEEBDDBDBDCDBDBDCECDCEBBEEEBDBBDDBEEBBC–
339;0.0;DBBBBBBDDBECCECCDCECCCEEBDDBDBDCDBDBDCECDCEBBEEEBDBBDDBEEBBC
340;0.0;DBBBBBBDDBECCECCDCECCCEEBDDBDBDCDBDBDCECDCEBBEEEBDBBDDBEEBBC(

341;0.0;DBBBBBBDDBECCECCDCECCCEEBDDBDBDCDBDBDCECDCEBBEEEBDBBDDBEEBBC
342;0.0;DBBBBBBDDBECCECCDCECCCEEBDDBDBDCDBDBDCECDCEBBEEEBDBBDDBEEBBC
343;0.0;DBBBBBBDDBECCECCDCECCCEEBDDBDBDCDBDBDCECDCEBBEEEBDBBDDBEEBBC
344;0.0;DBBBBBBDDBECCECCDCECCCEEBDDBDBDCDBDBDCECDCEBBEEEBDBBDDBEEBBC
345;0.0;DBBBBBBDDBECCECCDCECCCEEBDDBDBDCDBDBDCECDCEBBEEEBDBBDDBEEBBCd
346;0.0;DBBBBBBDDBECCECCDCECCCEEBDDBDBDCDBDBDCECDCEBBEEEBDBBDDBEEBBCd
347;0.0;DBBBBBBDDBECCECCDCECCCEEBDDBDBDCDBDBDCECDCEBBEEEBDBBDDBEEBBCE$
348;0.0;DBBBBBBDDBECCECCDCECCCEEBDDBDBDCDBDBDCECDCEBBEEEBDBBDDBEEBBC»3
349;0.0;DBBBBBBDDBECCECCDCECCCEEBDDBDBDCDBDBDCECDCEBBEEEBDBBDDBEEBBC».
350;0.0;DBBBBBBDDBECCECCDCECCCEEBDDBDBDCDBDBDCECDCEBBEEEBDBBDDBEEBBCD 
351;0.0;DBBBBBBDDBECCECCDCECCCEEBDDBDBDCDBDBDCECDCEBBEEEBDBBDDBEEBBC
352;0.0;DBBBBBBDDBECCECCDCECCCEEBDDBDBDCDBDBDCECDCEBBEEEBDBBDDBEEBBC
353;0.0;DBBBBBBDDBECCECCDCECCCEEBDDBDBDCDBDBDCECDCEBBEEEBDBBDDBEEBBC
354;0.0;DBBBBBBDDBECCECCDCECCCEEBDDBDBDCDBDBDCECDCEBBEEEBDBBDDBEEBBCD 
355;0.0;DBBBBBBDDBECCECCDCECCCEEBDDBDBDCDBDBDCECDCEBBEEEBDBBDDBEEBBCC%
356;0.0;DBBBBBBDDBECCECCDCECCCEEBDDBDBDCDBDBDCECDCEBBEEEBDBBDDBEEBBC
357;0.0;DBBBBBBDDBECCECCDCECCCEEBDDBDBDCDBDBDCECDCEBBEEEBDBBDDBEEBBC 
358;0.0;DBBBBBBDDBECCECCDCECCCEEBDDBDBDCDBDBDCECDCEBBEEEBDBBDDBEEBBC
359;0.0;DBBBBBBDDBECCECCDCECCCEEBDDBDBDCDBDBDCECDCEBBEEEBDBBDDBEEBBCd
360;0.0;DBBBBBBDDBECCECCDCECCCEEBDDBDBDCDBDBDCECDCEBBEEEBDBBDDBEEBBCH
361;0.0;DBBBBBBDDBECCECCDCECCCEEBDDBDBDCDBDBDCECDCEBBEEEBDBBDDBEEBBC
362;0.0;DBBBBBBDDBECCECCDCECCCEEBDDBDBDCDBDBDCECDCEBBEEEBDBBDDBEEBBC
363;0.0;DBBBBBBDDBECCECCDCECCCEEBDDBDBDCDBDBDCECDCEBBEEEBDBBDDBEEBBC
364;0.0;DBBBBBBDDBECCECCDCECCCEEBDDBDBDCDBDBDCECDCEBBEEEBDBBDDBEEBBC
365;0.0;DBBBBBBDDBECCECCDCECCCEEBDDBDBDCDBDBDCECDCEBBEEEBDBBDDBEEBBCÿ
366;0.0;DBBBBBBDDBECCECCDCECCCEEBDDBDBDCDBDBDCECDCEBBEEEBDBBDDBEEBBC
367;0.0;DBBBBBBDDBECCECCDCECCCEEBDDBDBDCDBDBDCECDCEBBEEEBDBBDDBEEBBC
368;0.0;DBBBBBBDDBECCECCDCECCCEEBDDBDBDCDBDBDCECDCEBBEEEBDBBDDBEEBBC#
369;0.0;DBBBBBBDDBECCECCDCECCCEEBDDBDBDCDBDBDCECDCEBBEEEBDBBDDBEEBBC
370;0.0;DBBBBBBDDBECCECCDCECCCEEBDDBDBDCDBDBDCECDCEBBEEEBDBBDDBEEBBCC#
371;0.0;DBBBBBBDDBECCECCDCECCCEEBDDBDBDCDBDBDCECDCEBBEEEBDBBDDBEEBBCD
372;0.0;DBBBBBBDDBECCECCDCECCCEEBDDBDBDCDBDBDCECDCEBBEEEBDBBDDBEEBBCH
373;0.0;DBBBBBBDDBECCECCDCECCCEEBDDBDBDCDBDBDCECDCEBBEEEBDBBDDBEEBBCx
374;0.0;DBBBBBBDDBECCECCDCECCCEEBDDBDBDCDBDBDCECDCEBBEEEBDBBDDBEEBBC
375;0.0;DBBBBBBDDBECCECCDCECCCEEBDDBDBDCDBDBDCECDCEBBEEEBDBBDDBEEBBC
376;0.0;DBBBBBBDDBECCECCDCECCCEEBDDBDBDCDBDBDCECDCEBBEEEBDBBDDBEEBBC 
377;0.0;DBBBBBBDDBECCECCDCECCCEEBDDBDBDCDBDBDCECDCEBBEEEBDBBDDBEEBBC
378;0.0;DBBBBBBDDBECCECCDCECCCEEBDDBDBDCDBDBDCECDCEBBEEEBDBBDDBEEBBC–
379;0.0;DBBBBBBDDBECCECCDCECCCEEBDDBDBDCDBDBDCECDCEBBEEEBDBBDDBEEBBC
380;0.0;DBBBBBBDDBECCECCDCECCCEEBDDBDBDCDBDBDCECDCEBBEEEBDBBDDBEEBBC
381;0.0;DBBBBBBDDBECCECCDCECCCEEBDDBDBDCDBDBDCECDCEBBEEEBDBBDDBEEBBC((
382;0.0;DBBBBBBDDBECCECCDCECCCEEBDDBDBDCDBDBDCECDCEBBEEEBDBBDDBEEBBC–+€
383;0.0;DBBBBBBDDBECCECCDCECCCEEBDDBDBDCDBDBDCECDCEBBEEEBDBBDDBEEBBC'«md*
384;0.0;DBBBBBBDDBECCECCDCECCCEEBDDBDBDCDBDBDCECDCEBBEEEBDBBDDBEEBBCx-
385;0.0;DBBBBBBDDBECCECCDCECCCEEBDDBDBDCDBDBDCECDCEBBEEEBDBBDDBEEBBCd)
386;0.0;DBBBBBBDDBECCECCDCECCCEEBDDBDBDCDBDBDCECDCEBBEEEBDBBDDBEEBBCC
387;0.0;DBBBBBBDDBECCECCDCECCCEEBDDBDBDCDBDBDCECDCEBBEEEBDBBDDBEEBBCd
388;0.0;DBBBBBBDDBECCECCDCECCCEEBDDBDBDCDBDBDCECDCEBBEEEBDBBDDBEEBBCÿ
389;0.0;DBBBBBBDDBECCECCDCECCCEEBDDBDBDCDBDBDCECDCEBBEEEBDBBDDBEEBBC
390;0.0;DBBBBBBDDBECCECCDCECCCEEBDDBDBDCDBDBDCECDCEBBEEEBDBBDDBEEBBC
391;0.0;DBBBBBBDDBECCECCDCECCCEEBDDBDBDCDBDBDCECDCEBBEEEBDBBDDBEEBBCC
392;0.0;DBBBBBBDDBECCECCDCECCCEEBDDBDBDCDBDBDCECDCEBBEEEBDBBDDBEEBBCË2
393;0.0;DBBBBBBDDBECCECCDCECCCEEBDDBDBDCDBDBDCECDCEBBEEEBDBBDDBEEBBCd
394;0.0;DBBBBBBDDBECCECCDCECCCEEBDDBDBDCDBDBDCECDCEBBEEEBDBBDDBEEBBCd
395;0.0;DBBBBBBDDBECCECCDCECCCEEBDDBDBDCDBDBDCECDCEBBEEEBDBBDDBEEBBC–
396;0.0;DBBBBBBDDBECCECCDCECCCEEBDDBDBDCDBDBDCECDCEBBEEEBDBBDDBEEBBC
397;0.0;DBBBBBBDDBECCECCDCECCCEEBDDBDBDCDBDBDCECDCEBBEEEBDBBDDBEEBBC
398;0.0;DBBBBBBDDBECCECCDCECCCEEBDDBDBDCDBDBDCECDCEBBEEEBDBBDDBEEBBCd
399;0.0;DBBBBBBDDBECCECCDCECCCEEBDDBDBDCDBDBDCECDCEBBEEEBDBBDDBEEBBCò"€
400;0.0;DBBBBBBDDBECCECCDCECCCEEBDDBDBDCDBDBDCECDCEBBEEEBDBBDDBEEBBC
401;0.0;DBBBBBBDDBECCECCDCECCCEEBDDBDBDCDBDBDCECDCEBBEEEBDBBDDBEEBBC(

402;0.0;DBBBBBBDDBECCECCDCECCCEEBDDBDBDCDBDBDCECDCEBBEEEBDBBDDBEEBBC
403;0.0;DBBBBBBDDBECCECCDCECCCEEBDDBDBDCDBDBDCECDCEBBEEEBDBBDDBEEBBC
404;0.0;DBBBBBBDDBECCECCDCECCCEEBDDBDBDCDBDBDCECDCEBBEEEBDBBDDBEEBBC
405;0.0;DBBBBBBDDBECCECCDCECCCEEBDDBDBDCDBDBDCECDCEBBEEEBDBBDDBEEBBC
406;0.0;DBBBBBBDDBECCECCDCECCCEEBDDBDBDCDBDBDCECDCEBBEEEBDBBDDBEEBBCd
407;0.0;DBBBBBBDDBECCECCDCECCCEEBDDBDBDCDBDBDCECDCEBBEEEBDBBDDBEEBBC–+€
408;0.0;DBBBBBBDDBECCECCDCECCCEEBDDBDBDCDBDBDCECDCEBBEEEBDBBDDBEEBBCH
409;0.0;DBBBBBBDDBECCECCDCECCCEEBDDBDBDCDBDBDCECDCEBBEEEBDBBDDBEEBBC
410;0.0;DBBBBBBDDBECCECCDCECCCEEBDDBDBDCDBDBDCECDCEBBEEEBDBBDDBEEBBCE$
411;0.0;DBBBBBBDDBECCECCDCECCCEEBDDBDBDCDBDBDCECDCEBBEEEBDBBDDBEEBBC–
412;0.0;DBBBBBBDDBECCECCDCECCCEEBDDBDBDCDBDBDCECDCEBBEEEBDBBDDBEEBBCd
413;0.0;DBBBBBBDDBECCECCDCECCCEEBDDBDBDCDBDBDCECDCEBBEEEBDBBDDBEEBBC
414;0.0;DBBBBBBDDBECCECCDCECCCEEBDDBDBDCDBDBDCECDCEBBEEEBDBBDDBEEBBC
415;0.0;DBBBBBBDDBECCECCDCECCCEEBDDBDBDCDBDBDCECDCEBBEEEBDBBDDBEEBBC
416;0.0;DBBBBBBDDBECCECCDCECCCEEBDDBDBDCDBDBDCECDCEBBEEEBDBBDDBEEBBC
417;0.0;DBBBBBBDDBECCECCDCECCCEEBDDBDBDCDBDBDCECDCEBBEEEBDBBDDBEEBBC
418;0.0;DBBBBBBDDBECCECCDCECCCEEBDDBDBDCDBDBDCECDCEBBEEEBDBBDDBEEBBC
419;0.0;DBBBBBBDDBECCECCDCECCCEEBDDBDBDCDBDBDCECDCEBBEEEBDBBDDBEEBBCd
420;0.0;DBBBBBBDDBECCECCDCECCCEEBDDBDBDCDBDBDCECDCEBBEEEBDBBDDBEEBBCd
421;0.0;DBBBBBBDDBECCECCDCECCCEEBDDBDBDCDBDBDCECDCEBBEEEBDBBDDBEEBBC#
422;0.0;DBBBBBBDDBECCECCDCECCCEEBDDBDBDCDBDBDCECDCEBBEEEBDBBDDBEEBBC
423;0.0;DBBBBBBDDBECCECCDCECCCEEBDDBDBDCDBDBDCECDCEBBEEEBDBBDDBEEBBCd
424;0.0;DBBBBBBDDBECCECCDCECCCEEBDDBDBDCDBDBDCECDCEBBEEEBDBBDDBEEBBC
425;0.0;DBBBBBBDDBECCECCDCECCCEEBDDBDBDCDBDBDCECDCEBBEEEBDBBDDBEEBBC
426;0.0;DBBBBBBDDBECCECCDCECCCEEBDDBDBDCDBDBDCECDCEBBEEEBDBBDDBEEBBC
427;0.0;DBBBBBBDDBECCECCDCECCCEEBDDBDBDCDBDBDCECDCEBBEEEBDBBDDBEEBBC–+€
428;0.0;DBBBBBBDDBECCECCDCECCCEEBDDBDBDCDBDBDCECDCEBBEEEBDBBDDBEEBBCd
429;0.0;DBBBBBBDDBECCECCDCECCCEEBDDBDBDCDBDBDCECDCEBBEEEBDBBDDBEEBBCd
430;0.0;DBBBBBBDDBECCECCDCECCCEEBDDBDBDCDBDBDCECDCEBBEEEBDBBDDBEEBBCX&€
431;0.0;DBBBBBBDDBECCECCDCECCCEEBDDBDBDCDBDBDCECDCEBBEEEBDBBDDBEEBBCê
432;0.0;DBBBBBBDDBECCECCDCECCCEEBDDBDBDCDBDBDCECDCEBBEEEBDBBDDBEEBBC
433;0.0;DBBBBBBDDBECCECCDCECCCEEBDDBDBDCDBDBDCECDCEBBEEEBDBBDDBEEBBC#
434;0.0;DBBBBBBDDBECCECCDCECCCEEBDDBDBDCDBDBDCECDCEBBEEEBDBBDDBEEBBCD!
435;0.0;DBBBBBBDDBECCECCDCECCCEEBDDBDBDCDBDBDCECDCEBBEEEBDBBDDBEEBBCC'
436;0.0;DBBBBBBDDBECCECCDCECCCEEBDDBDBDCDBDBDCECDCEBBEEEBDBBDDBEEBBC
437;0.0;DBBBBBBDDBECCECCDCECCCEEBDDBDBDCDBDBDCECDCEBBEEEBDBBDDBEEBBC
438;0.0;DBBBBBBDDBECCECCDCECCCEEBDDBDBDCDBDBDCECDCEBBEEEBDBBDDBEEBBC
439;0.0;DBBBBBBDDBECCECCDCECCCEEBDDBDBDCDBDBDCECDCEBBEEEBDBBDDBEEBBCd
440;0.0;DBBBBBBDDBECCECCDCECCCEEBDDBDBDCDBDBDCECDCEBBEEEBDBBDDBEEBBCd
441;0.0;DBBBBBBDDBECCECCDCECCCEEBDDBDBDCDBDBDCECDCEBBEEEBDBBDDBEEBBC
442;0.0;DBBBBBBDDBECCECCDCECCCEEBDDBDBDCDBDBDCECDCEBBEEEBDBBDDBEEBBC
443;0.0;DBBBBBBDDBECCECCDCECCCEEBDDBDBDCDBDBDCECDCEBBEEEBDBBDDBEEBBC
444;0.0;DBBBBBBDDBECCECCDCECCCEEBDDBDBDCDBDBDCECDCEBBEEEBDBBDDBEEBBCd
445;0.0;DBBBBBBDDBECCECCDCECCCEEBDDBDBDCDBDBDCECDCEBBEEEBDBBDDBEEBBC(

446;0.0;DBBBBBBDDBECCECCDCECCCEEBDDBDBDCDBDBDCECDCEBBEEEBDBBDDBEEBBC
447;0.0;DBBBBBBDDBECCECCDCECCCEEBDDBDBDCDBDBDCECDCEBBEEEBDBBDDBEEBBC–&€
448;0.0;DBBBBBBDDBECCECCDCECCCEEBDDBDBDCDBDBDCECDCEBBEEEBDBBDDBEEBBC
449;0.0;DBBBBBBDDBECCECCDCECCCEEBDDBDBDCDBDBDCECDCEBBEEEBDBBDDBEEBBC
450;0.0;DBBBBBBDDBECCECCDCECCCEEBDDBDBDCDBDBDCECDCEBBEEEBDBBDDBEEBBCd
451;0.0;DBBBBBBDDBECCECCDCECCCEEBDDBDBDCDBDBDCECDCEBBEEEBDBBDDBEEBBC
452;0.0;DBBBBBBDDBECCECCDCECCCEEBDDBDBDCDBDBDCECDCEBBEEEBDBBDDBEEBBC
453;0.0;DBBBBBBDDBECCECCDCECCCEEBDDBDBDCDBDBDCECDCEBBEEEBDBBDDBEEBBC
454;0.0;DBBBBBBDDBECCECCDCECCCEEBDDBDBDCDBDBDCECDCEBBEEEBDBBDDBEEBBC
455;0.0;DBBBBBBDDBECCECCDCECCCEEBDDBDBDCDBDBDCECDCEBBEEEBDBBDDBEEBBCD&
456;0.0;DBBBBBBDDBECCECCDCECCCEEBDDBDBDCDBDBDCECDCEBBEEEBDBBDDBEEBBC
457;0.0;DBBBBBBDDBECCECCDCECCCEEBDDBDBDCDBDBDCECDCEBBEEEBDBBDDBEEBBCx
458;0.0;DBBBBBBDDBECCECCDCECCCEEBDDBDBDCDBDBDCECDCEBBEEEBDBBDDBEEBBCd
459;0.0;DBBBBBBDDBECCECCDCECCCEEBDDBDBDCDBDBDCECDCEBBEEEBDBBDDBEEBBCd
460;0.0;DBBBBBBDDBECCECCDCECCCEEBDDBDBDCDBDBDCECDCEBBEEEBDBBDDBEEBBCx-
461;0.0;DBBBBBBDDBECCECCDCECCCEEBDDBDBDCDBDBDCECDCEBBEEEBDBBDDBEEBBC
462;0.0;DBBBBBBDDBECCECCDCECCCEEBDDBDBDCDBDBDCECDCEBBEEEBDBBDDBEEBBCd
463;0.0;DBBBBBBDDBECCECCDCECCCEEBDDBDBDCDBDBDCECDCEBBEEEBDBBDDBEEBBC
464;0.0;DBBBBBBDDBECCECCDCECCCEEBDDBDBDCDBDBDCECDCEBBEEEBDBBDDBEEBBCò
465;0.0;DBBBBBBDDBECCECCDCECCCEEBDDBDBDCDBDBDCECDCEBBEEEBDBBDDBEEBBCx
466;0.0;DBBBBBBDDBECCECCDCECCCEEBDDBDBDCDBDBDCECDCEBBEEEBDBBDDBEEBBC®
467;0.0;DBBBBBBDDBECCECCDCECCCEEBDDBDBDCDBDBDCECDCEBBEEEBDBBDDBEEBBC
468;0.0;DBBBBBBDDBECCECCDCECCCEEBDDBDBDCDBDBDCECDCEBBEEEBDBBDDBEEBBC
469;0.0;DBBBBBBDDBECCECCDCECCCEEBDDBDBDCDBDBDCECDCEBBEEEBDBBDDBEEBBC
470;0.0;DBBBBBBDDBECCECCDCECCCEEBDDBDBDCDBDBDCECDCEBBEEEBDBBDDBEEBBC
471;0.0;DBBBBBBDDBECCECCDCECCCEEBDDBDBDCDBDBDCECDCEBBEEEBDBBDDBEEBBC–!€
472;0.0;DBBBBBBDDBECCECCDCECCCEEBDDBDBDCDBDBDCECDCEBBEEEBDBBDDBEEBBCd
473;0.0;DBBBBBBDDBECCECCDCECCCEEBDDBDBDCDBDBDCECDCEBBEEEBDBBDDBEEBBC
474;0.0;DBBBBBBDDBECCECCDCECCCEEBDDBDBDCDBDBDCECDCEBBEEEBDBBDDBEEBBC
475;0.0;DBBBBBBDDBECCECCDCECCCEEBDDBDBDCDBDBDCECDCEBBEEEBDBBDDBEEBBC
476;0.0;DBBBBBBDDBECCECCDCECCCEEBDDBDBDCDBDBDCECDCEBBEEEBDBBDDBEEBBC
477;0.0;DBBBBBBDDBECCECCDCECCCEEBDDBDBDCDBDBDCECDCEBBEEEBDBBDDBEEBBC
478;0.0;DBBBBBBDDBECCECCDCECCCEEBDDBDBDCDBDBDCECDCEBBEEEBDBBDDBEEBBC
479;0.0;DBBBBBBDDBECCECCDCECCCEEBDDBDBDCDBDBDCECDCEBBEEEBDBBDDBEEBBC
480;0.0;DBBBBBBDDBECCECCDCECCCEEBDDBDBDCDBDBDCECDCEBBEEEBDBBDDBEEBBC
481;0.0;DBBBBBBDDBECCECCDCECCCEEBDDBDBDCDBDBDCECDCEBBEEEBDBBDDBEEBBC
482;0.0;DBBBBBBDDBECCECCDCECCCEEBDDBDBDCDBDBDCECDCEBBEEEBDBBDDBEEBBC
483;0.0;DBBBBBBDDBECCECCDCECCCEEBDDBDBDCDBDBDCECDCEBBEEEBDBBDDBEEBBCE"
484;0.0;DBBBBBBDDBECCECCDCECCCEEBDDBDBDCDBDBDCECDCEBBEEEBDBBDDBEEBBC
485;0.0;DBBBBBBDDBECCECCDCECCCEEBDDBDBDCDBDBDCECDCEBBEEEBDBBDDBEEBBC#
486;0.0;DBBBBBBDDBECCECCDCECCCEEBDDBDBDCDBDBDCECDCEBBEEEBDBBDDBEEBBCC
487;0.0;DBBBBBBDDBECCECCDCECCCEEBDDBDBDCDBDBDCECDCEBBEEEBDBBDDBEEBBCD
488;0.0;DBBBBBBDDBECCECCDCECCCEEBDDBDBDCDBDBDCECDCEBBEEEBDBBDDBEEBBCd
489;0.0;DBBBBBBDDBECCECCDCECCCEEBDDBDBDCDBDBDCECDCEBBEEEBDBBDDBEEBBCò
490;0.0;DBBBBBBDDBECCECCDCECCCEEBDDBDBDCDBDBDCECDCEBBEEEBDBBDDBEEBBC–
491;0.0;DBBBBBBDDBECCECCDCECCCEEBDDBDBDCDBDBDCECDCEBBEEEBDBBDDBEEBBCC
492;0.0;DBBBBBBDDBECCECCDCECCCEEBDDBDBDCDBDBDCECDCEBBEEEBDBBDDBEEBBC
493;0.0;DBBBBBBDDBECCECCDCECCCEEBDDBDBDCDBDBDCECDCEBBEEEBDBBDDBEEBBC#
494;0.0;DBBBBBBDDBECCECCDCECCCEEBDDBDBDCDBDBDCECDCEBBEEEBDBBDDBEEBBCd
495;0.0;DBBBBBBDDBECCECCDCECCCEEBDDBDBDCDBDBDCECDCEBBEEEBDBBDDBEEBBC
496;0.0;DBBBBBBDDBECCECCDCECCCEEBDDBDBDCDBDBDCECDCEBBEEEBDBBDDBEEBBC
497;0.0;DBBBBBBDDBECCECCDCECCCEEBDDBDBDCDBDBDCECDCEBBEEEBDBBDDBEEBBC†
498;0.0;DBBBBBBDDBECCECCDCECCCEEBDDBDBDCDBDBDCECDCEBBEEEBDBBDDBEEBBC
499;0.0;DBBBBBBDDBECCECCDCECCCEEBDDBDBDCDBDBDCECDCEBBEEEBDBBDDBEEBBCd
500;0.0;DBBBBBBDDBECCECCDCECCCEEBDDBDBDCDBDBDCECDCEBBEEEBDBBDDBEEBBC(

