1;0.0;BECEEEBBDBEBDBBBDBBEEEBDDDBDDCCCDCDDCEEBBDCECDDBEECDBDCEEEECx¡Nv/“›¬ÚB
2;0.0;BECEEEBBDBEBDBBBDBBEEEBDDDBDDCCCDCDDCEEBBDCECDDBEECDBDCEEEEC
3;0.0;BECEEEBBDBEBDBBBDBBEEEBDDDBDDCCCDCDDCEEBBDCECDDBEECDBDCEEEEC
4;0.0;BECEEEBBDBEBDBBBDBBEEEBDDDBDDCCCDCDDCEEBBDCECDDBEECDBDCEEEEC
5;0.0;BECEEEBBDBEBDBBBDBBEEEBDDDBDDCCCDCDDCEEBBDCECDDBEECDBDCEEEECDCCCôn∂_E
6;0.0;BECEEEBBDBEBDBBBDBBEEEBDDDBDDCCCDCDDCEEBBDCECDDBEECDBDCEEEEC
7;0.0;BECEEEBBDBEBDBBBDBBEEEBDDDBDDCCCDCDDCEEBBDCECDDBEECDBDCEEEEC
8;0.0;BECEEEBBDBEBDBBBDBBEEEBDDDBDDCCCDCDDCEEBBDCECDDBEECDBDCEEEEC(¥–
9;0.0;BECEEEBBDBEBDBBBDBBEEEBDDDBDDCCCDCDDCEEBBDCECDDBEECDBDCEEEEC
10;0.0;BECEEEBBDBEBDBBBDBBEEEBDDDBDDCCCDCDDCEEBBDCECDDBEECDBDCEEEECD%
11;0.0;BECEEEBBDBEBDBBBDBBEEEBDDDBDDCCCDCDDCEEBBDCECDDBEECDBDCEEEECDCCE≤`E^D
12;0.0;BECEEEBBDBEBDBBBDBBEEEBDDDBDDCCCDCDDCEEBBDCECDDBEECDBDCEEEECd
13;0.0;BECEEEBBDBEBDBBBDBBEEEBDDDBDDCCCDCDDCEEBBDCECDDBEECDBDCEEEEC‡
14;0.0;BECEEEBBDBEBDBBBDBBEEEBDDDBDDCCCDCDDCEEBBDCECDDBEECDBDCEEEECd
15;0.0;BECEEEBBDBEBDBBBDBBEEEBDDDBDDCCCDCDDCEEBBDCECDDBEECDBDCEEEECd
16;0.0;BECEEEBBDBEBDBBBDBBEEEBDDDBDDCCCDCDDCEEBBDCECDDBEECDBDCEEEEC
17;0.0;BECEEEBBDBEBDBBBDBBEEEBDDDBDDCCCDCDDCEEBBDCECDDBEECDBDCEEEEC
18;0.0;BECEEEBBDBEBDBBBDBBEEEBDDDBDDCCCDCDDCEEBBDCECDDBEECDBDCEEEECd
19;0.0;BECEEEBBDBEBDBBBDBBEEEBDDDBDDCCCDCDDCEEBBDCECDDBEECDBDCEEEECd
20;0.0;BECEEEBBDBEBDBBBDBBEEEBDDDBDDCCCDCDDCEEBBDCECDDBEECDBDCEEEEC8
21;0.0;BECEEEBBDBEBDBBBDBBEEEBDDDBDDCCCDCDDCEEBBDCECDDBEECDBDCEEEECp
22;0.0;BECEEEBBDBEBDBBBDBBEEEBDDDBDDCCCDCDDCEEBBDCECDDBEECDBDCEEEECÄ
23;0.0;BECEEEBBDBEBDBBBDBBEEEBDDDBDDCCCDCDDCEEBBDCECDDBEECDBDCEEEEC
24;0.0;BECEEEBBDBEBDBBBDBBEEEBDDDBDDCCCDCDDCEEBBDCECDDBEECDBDCEEEECH7
25;0.0;BECEEEBBDBEBDBBBDBBEEEBDDDBDDCCCDCDDCEEBBDCECDDBEECDBDCEEEECd
26;0.0;BECEEEBBDBEBDBBBDBBEEEBDDDBDDCCCDCDDCEEBBDCECDDBEECDBDCEEEEC
27;0.0;BECEEEBBDBEBDBBBDBBEEEBDDDBDDCCCDCDDCEEBBDCECDDBEECDBDCEEEEC
28;0.0;BECEEEBBDBEBDBBBDBBEEEBDDDBDDCCCDCDDCEEBBDCECDDBEECDBDCEEEECH
29;0.0;BECEEEBBDBEBDBBBDBBEEEBDDDBDDCCCDCDDCEEBBDCECDDBEECDBDCEEEECd
30;0.0;BECEEEBBDBEBDBBBDBBEEEBDDDBDDCCCDCDDCEEBBDCECDDBEECDBDCEEEEC
31;0.0;BECEEEBBDBEBDBBBDBBEEEBDDDBDDCCCDCDDCEEBBDCECDDBEECDBDCEEEEC
32;0.0;BECEEEBBDBEBDBBBDBBEEEBDDDBDDCCCDCDDCEEBBDCECDDBEECDBDCEEEEC
33;0.0;BECEEEBBDBEBDBBBDBBEEEBDDDBDDCCCDCDDCEEBBDCECDDBEECDBDCEEEEC
34;0.0;BECEEEBBDBEBDBBBDBBEEEBDDDBDDCCCDCDDCEEBBDCECDDBEECDBDCEEEECC 
35;0.0;BECEEEBBDBEBDBBBDBBEEEBDDDBDDCCCDCDDCEEBBDCECDDBEECDBDCEEEECD
36;0.0;BECEEEBBDBEBDBBBDBBEEEBDDDBDDCCCDCDDCEEBBDCECDDBEECDBDCEEEECd)
37;0.0;BECEEEBBDBEBDBBBDBBEEEBDDDBDDCCCDCDDCEEBBDCECDDBEECDBDCEEEECd$
38;0.0;BECEEEBBDBEBDBBBDBBEEEBDDDBDDCCCDCDDCEEBBDCECDDBEECDBDCEEEECd
39;0.0;BECEEEBBDBEBDBBBDBBEEEBDDDBDDCCCDCDDCEEBBDCECDDBEECDBDCEEEECC 
40;0.0;BECEEEBBDBEBDBBBDBBEEEBDDDBDDCCCDCDDCEEBBDCECDDBEECDBDCEEEEC
41;0.0;BECEEEBBDBEBDBBBDBBEEEBDDDBDDCCCDCDDCEEBBDCECDDBEECDBDCEEEEC
42;0.0;BECEEEBBDBEBDBBBDBBEEEBDDDBDDCCCDCDDCEEBBDCECDDBEECDBDCEEEEC
43;0.0;BECEEEBBDBEBDBBBDBBEEEBDDDBDDCCCDCDDCEEBBDCECDDBEECDBDCEEEECB$
44;0.0;BECEEEBBDBEBDBBBDBBEEEBDDDBDDCCCDCDDCEEBBDCECDDBEECDBDCEEEECp
45;0.0;BECEEEBBDBEBDBBBDBBEEEBDDDBDDCCCDCDDCEEBBDCECDDBEECDBDCEEEEC
46;0.0;BECEEEBBDBEBDBBBDBBEEEBDDDBDDCCCDCDDCEEBBDCECDDBEECDBDCEEEECd
47;0.0;BECEEEBBDBEBDBBBDBBEEEBDDDBDDCCCDCDDCEEBBDCECDDBEECDBDCEEEEC
48;0.0;BECEEEBBDBEBDBBBDBBEEEBDDDBDDCCCDCDDCEEBBDCECDDBEECDBDCEEEEC
49;0.0;BECEEEBBDBEBDBBBDBBEEEBDDDBDDCCCDCDDCEEBBDCECDDBEECDBDCEEEEC
50;0.0;BECEEEBBDBEBDBBBDBBEEEBDDDBDDCCCDCDDCEEBBDCECDDBEECDBDCEEEEC
51;0.0;BECEEEBBDBEBDBBBDBBEEEBDDDBDDCCCDCDDCEEBBDCECDDBEECDBDCEEEECË
52;0.0;BECEEEBBDBEBDBBBDBBEEEBDDDBDDCCCDCDDCEEBBDCECDDBEECDBDCEEEEC
53;0.0;BECEEEBBDBEBDBBBDBBEEEBDDDBDDCCCDCDDCEEBBDCECDDBEECDBDCEEEECd3
54;0.0;BECEEEBBDBEBDBBBDBBEEEBDDDBDDCCCDCDDCEEBBDCECDDBEECDBDCEEEEC
55;0.0;BECEEEBBDBEBDBBBDBBEEEBDDDBDDCCCDCDDCEEBBDCECDDBEECDBDCEEEEC
56;0.0;BECEEEBBDBEBDBBBDBBEEEBDDDBDDCCCDCDDCEEBBDCECDDBEECDBDCEEEEC
57;0.0;BECEEEBBDBEBDBBBDBBEEEBDDDBDDCCCDCDDCEEBBDCECDDBEECDBDCEEEEC
58;0.0;BECEEEBBDBEBDBBBDBBEEEBDDDBDDCCCDCDDCEEBBDCECDDBEECDBDCEEEEC
59;0.0;BECEEEBBDBEBDBBBDBBEEEBDDDBDDCCCDCDDCEEBBDCECDDBEECDBDCEEEEC
60;0.0;BECEEEBBDBEBDBBBDBBEEEBDDDBDDCCCDCDDCEEBBDCECDDBEECDBDCEEEEC
61;0.0;BECEEEBBDBEBDBBBDBBEEEBDDDBDDCCCDCDDCEEBBDCECDDBEECDBDCEEEEC
62;0.0;BECEEEBBDBEBDBBBDBBEEEBDDDBDDCCCDCDDCEEBBDCECDDBEECDBDCEEEEC
63;0.0;BECEEEBBDBEBDBBBDBBEEEBDDDBDDCCCDCDDCEEBBDCECDDBEECDBDCEEEEC
64;0.0;BECEEEBBDBEBDBBBDBBEEEBDDDBDDCCCDCDDCEEBBDCECDDBEECDBDCEEEEC
65;0.0;BECEEEBBDBEBDBBBDBBEEEBDDDBDDCCCDCDDCEEBBDCECDDBEECDBDCEEEEC–#
66;0.0;BECEEEBBDBEBDBBBDBBEEEBDDDBDDCCCDCDDCEEBBDCECDDBEECDBDCEEEECP
67;0.0;BECEEEBBDBEBDBBBDBBEEEBDDDBDDCCCDCDDCEEBBDCECDDBEECDBDCEEEECd
68;0.0;BECEEEBBDBEBDBBBDBBEEEBDDDBDDCCCDCDDCEEBBDCECDDBEECDBDCEEEEC
69;0.0;BECEEEBBDBEBDBBBDBBEEEBDDDBDDCCCDCDDCEEBBDCECDDBEECDBDCEEEEC
70;0.0;BECEEEBBDBEBDBBBDBBEEEBDDDBDDCCCDCDDCEEBBDCECDDBEECDBDCEEEEC–&—
71;0.0;BECEEEBBDBEBDBBBDBBEEEBDDDBDDCCCDCDDCEEBBDCECDDBEECDBDCEEEEC
72;0.0;BECEEEBBDBEBDBBBDBBEEEBDDDBDDCCCDCDDCEEBBDCECDDBEECDBDCEEEEC
73;0.0;BECEEEBBDBEBDBBBDBBEEEBDDDBDDCCCDCDDCEEBBDCECDDBEECDBDCEEEEC
74;0.0;BECEEEBBDBEBDBBBDBBEEEBDDDBDDCCCDCDDCEEBBDCECDDBEECDBDCEEEEC/—
75;0.0;BECEEEBBDBEBDBBBDBBEEEBDDDBDDCCCDCDDCEEBBDCECDDBEECDBDCEEEEC
76;0.0;BECEEEBBDBEBDBBBDBBEEEBDDDBDDCCCDCDDCEEBBDCECDDBEECDBDCEEEECd
77;0.0;BECEEEBBDBEBDBBBDBBEEEBDDDBDDCCCDCDDCEEBBDCECDDBEECDBDCEEEECd
78;0.0;BECEEEBBDBEBDBBBDBBEEEBDDDBDDCCCDCDDCEEBBDCECDDBEECDBDCEEEECntin¬S—^d*
79;0.0;BECEEEBBDBEBDBBBDBBEEEBDDDBDDCCCDCDDCEEBBDCECDDBEECDBDCEEEEC
80;0.0;BECEEEBBDBEBDBBBDBBEEEBDDDBDDCCCDCDDCEEBBDCECDDBEECDBDCEEEEC
81;0.0;BECEEEBBDBEBDBBBDBBEEEBDDDBDDCCCDCDDCEEBBDCECDDBEECDBDCEEEEC(

82;0.0;BECEEEBBDBEBDBBBDBBEEEBDDDBDDCCCDCDDCEEBBDCECDDBEECDBDCEEEECE"
83;0.0;BECEEEBBDBEBDBBBDBBEEEBDDDBDDCCCDCDDCEEBBDCECDDBEECDBDCEEEECE&
84;0.0;BECEEEBBDBEBDBBBDBBEEEBDDDBDDCCCDCDDCEEBBDCECDDBEECDBDCEEEECd
85;0.0;BECEEEBBDBEBDBBBDBBEEEBDDDBDDCCCDCDDCEEBBDCECDDBEECDBDCEEEEC»2
86;0.0;BECEEEBBDBEBDBBBDBBEEEBDDDBDDCCCDCDDCEEBBDCECDDBEECDBDCEEEEC
87;0.0;BECEEEBBDBEBDBBBDBBEEEBDDDBDDCCCDCDDCEEBBDCECDDBEECDBDCEEEEC
88;0.0;BECEEEBBDBEBDBBBDBBEEEBDDDBDDCCCDCDDCEEBBDCECDDBEECDBDCEEEEC
89;0.0;BECEEEBBDBEBDBBBDBBEEEBDDDBDDCCCDCDDCEEBBDCECDDBEECDBDCEEEEC‡
90;0.0;BECEEEBBDBEBDBBBDBBEEEBDDDBDDCCCDCDDCEEBBDCECDDBEECDBDCEEEEC
91;0.0;BECEEEBBDBEBDBBBDBBEEEBDDDBDDCCCDCDDCEEBBDCECDDBEECDBDCEEEEC
92;0.0;BECEEEBBDBEBDBBBDBBEEEBDDDBDDCCCDCDDCEEBBDCECDDBEECDBDCEEEEC
93;0.0;BECEEEBBDBEBDBBBDBBEEEBDDDBDDCCCDCDDCEEBBDCECDDBEECDBDCEEEEC(

94;0.0;BECEEEBBDBEBDBBBDBBEEEBDDDBDDCCCDCDDCEEBBDCECDDBEECDBDCEEEECC#
95;0.0;BECEEEBBDBEBDBBBDBBEEEBDDDBDDCCCDCDDCEEBBDCECDDBEECDBDCEEEECd
96;0.0;BECEEEBBDBEBDBBBDBBEEEBDDDBDDCCCDCDDCEEBBDCECDDBEECDBDCEEEECh
97;0.0;BECEEEBBDBEBDBBBDBBEEEBDDDBDDCCCDCDDCEEBBDCECDDBEECDBDCEEEECd
98;0.0;BECEEEBBDBEBDBBBDBBEEEBDDDBDDCCCDCDDCEEBBDCECDDBEECDBDCEEEECd
99;0.0;BECEEEBBDBEBDBBBDBBEEEBDDDBDDCCCDCDDCEEBBDCECDDBEECDBDCEEEEC
100;0.0;BECEEEBBDBEBDBBBDBBEEEBDDDBDDCCCDCDDCEEBBDCECDDBEECDBDCEEEEC
101;0.0;BECEEEBBDBEBDBBBDBBEEEBDDDBDDCCCDCDDCEEBBDCECDDBEECDBDCEEEECh
102;0.0;BECEEEBBDBEBDBBBDBBEEEBDDDBDDCCCDCDDCEEBBDCECDDBEECDBDCEEEEC
103;0.0;BECEEEBBDBEBDBBBDBBEEEBDDDBDDCCCDCDDCEEBBDCECDDBEECDBDCEEEEC
104;0.0;BECEEEBBDBEBDBBBDBBEEEBDDDBDDCCCDCDDCEEBBDCECDDBEECDBDCEEEEC
105;0.0;BECEEEBBDBEBDBBBDBBEEEBDDDBDDCCCDCDDCEEBBDCECDDBEECDBDCEEEEC
106;0.0;BECEEEBBDBEBDBBBDBBEEEBDDDBDDCCCDCDDCEEBBDCECDDBEECDBDCEEEEC
107;0.0;BECEEEBBDBEBDBBBDBBEEEBDDDBDDCCCDCDDCEEBBDCECDDBEECDBDCEEEEC
108;0.0;BECEEEBBDBEBDBBBDBBEEEBDDDBDDCCCDCDDCEEBBDCECDDBEECDBDCEEEEC
109;0.0;BECEEEBBDBEBDBBBDBBEEEBDDDBDDCCCDCDDCEEBBDCECDDBEECDBDCEEEEC
110;0.0;BECEEEBBDBEBDBBBDBBEEEBDDDBDDCCCDCDDCEEBBDCECDDBEECDBDCEEEECC#
111;0.0;BECEEEBBDBEBDBBBDBBEEEBDDDBDDCCCDCDDCEEBBDCECDDBEECDBDCEEEECE&
112;0.0;BECEEEBBDBEBDBBBDBBEEEBDDDBDDCCCDCDDCEEBBDCECDDBEECDBDCEEEEC‡
113;0.0;BECEEEBBDBEBDBBBDBBEEEBDDDBDDCCCDCDDCEEBBDCECDDBEECDBDCEEEEC
114;0.0;BECEEEBBDBEBDBBBDBBEEEBDDDBDDCCCDCDDCEEBBDCECDDBEECDBDCEEEECB
115;0.0;BECEEEBBDBEBDBBBDBBEEEBDDDBDDCCCDCDDCEEBBDCECDDBEECDBDCEEEEC8
116;0.0;BECEEEBBDBEBDBBBDBBEEEBDDDBDDCCCDCDDCEEBBDCECDDBEECDBDCEEEEC
117;0.0;BECEEEBBDBEBDBBBDBBEEEBDDDBDDCCCDCDDCEEBBDCECDDBEECDBDCEEEEC
118;0.0;BECEEEBBDBEBDBBBDBBEEEBDDDBDDCCCDCDDCEEBBDCECDDBEECDBDCEEEEC
119;0.0;BECEEEBBDBEBDBBBDBBEEEBDDDBDDCCCDCDDCEEBBDCECDDBEECDBDCEEEECd
120;0.0;BECEEEBBDBEBDBBBDBBEEEBDDDBDDCCCDCDDCEEBBDCECDDBEECDBDCEEEECp
121;0.0;BECEEEBBDBEBDBBBDBBEEEBDDDBDDCCCDCDDCEEBBDCECDDBEECDBDCEEEEC
122;0.0;BECEEEBBDBEBDBBBDBBEEEBDDDBDDCCCDCDDCEEBBDCECDDBEECDBDCEEEECx$—
123;0.0;BECEEEBBDBEBDBBBDBBEEEBDDDBDDCCCDCDDCEEBBDCECDDBEECDBDCEEEEC
124;0.0;BECEEEBBDBEBDBBBDBBEEEBDDDBDDCCCDCDDCEEBBDCECDDBEECDBDCEEEECd
125;0.0;BECEEEBBDBEBDBBBDBBEEEBDDDBDDCCCDCDDCEEBBDCECDDBEECDBDCEEEEC
126;0.0;BECEEEBBDBEBDBBBDBBEEEBDDDBDDCCCDCDDCEEBBDCECDDBEECDBDCEEEECd
127;0.0;BECEEEBBDBEBDBBBDBBEEEBDDDBDDCCCDCDDCEEBBDCECDDBEECDBDCEEEECd
128;0.0;BECEEEBBDBEBDBBBDBBEEEBDDDBDDCCCDCDDCEEBBDCECDDBEECDBDCEEEEC
129;0.0;BECEEEBBDBEBDBBBDBBEEEBDDDBDDCCCDCDDCEEBBDCECDDBEECDBDCEEEEC
130;0.0;BECEEEBBDBEBDBBBDBBEEEBDDDBDDCCCDCDDCEEBBDCECDDBEECDBDCEEEEC
131;0.0;BECEEEBBDBEBDBBBDBBEEEBDDDBDDCCCDCDDCEEBBDCECDDBEECDBDCEEEEC 
132;0.0;BECEEEBBDBEBDBBBDBBEEEBDDDBDDCCCDCDDCEEBBDCECDDBEECDBDCEEEEC
133;0.0;BECEEEBBDBEBDBBBDBBEEEBDDDBDDCCCDCDDCEEBBDCECDDBEECDBDCEEEECh
134;0.0;BECEEEBBDBEBDBBBDBBEEEBDDDBDDCCCDCDDCEEBBDCECDDBEECDBDCEEEEC
135;0.0;BECEEEBBDBEBDBBBDBBEEEBDDDBDDCCCDCDDCEEBBDCECDDBEECDBDCEEEEC
136;0.0;BECEEEBBDBEBDBBBDBBEEEBDDDBDDCCCDCDDCEEBBDCECDDBEECDBDCEEEEC
137;0.0;BECEEEBBDBEBDBBBDBBEEEBDDDBDDCCCDCDDCEEBBDCECDDBEECDBDCEEEEC
138;0.0;BECEEEBBDBEBDBBBDBBEEEBDDDBDDCCCDCDDCEEBBDCECDDBEECDBDCEEEECP
139;0.0;BECEEEBBDBEBDBBBDBBEEEBDDDBDDCCCDCDDCEEBBDCECDDBEECDBDCEEEECD'
140;0.0;BECEEEBBDBEBDBBBDBBEEEBDDDBDDCCCDCDDCEEBBDCECDDBEECDBDCEEEEC

141;0.0;BECEEEBBDBEBDBBBDBBEEEBDDDBDDCCCDCDDCEEBBDCECDDBEECDBDCEEEECH
142;0.0;BECEEEBBDBEBDBBBDBBEEEBDDDBDDCCCDCDDCEEBBDCECDDBEECDBDCEEEECB$
143;0.0;BECEEEBBDBEBDBBBDBBEEEBDDDBDDCCCDCDDCEEBBDCECDDBEECDBDCEEEEC
144;0.0;BECEEEBBDBEBDBBBDBBEEEBDDDBDDCCCDCDDCEEBBDCECDDBEECDBDCEEEEC(

145;0.0;BECEEEBBDBEBDBBBDBBEEEBDDDBDDCCCDCDDCEEBBDCECDDBEECDBDCEEEEC
146;0.0;BECEEEBBDBEBDBBBDBBEEEBDDDBDDCCCDCDDCEEBBDCECDDBEECDBDCEEEECË
147;0.0;BECEEEBBDBEBDBBBDBBEEEBDDDBDDCCCDCDDCEEBBDCECDDBEECDBDCEEEEC
148;0.0;BECEEEBBDBEBDBBBDBBEEEBDDDBDDCCCDCDDCEEBBDCECDDBEECDBDCEEEEC
149;0.0;BECEEEBBDBEBDBBBDBBEEEBDDDBDDCCCDCDDCEEBBDCECDDBEECDBDCEEEEC
150;0.0;BECEEEBBDBEBDBBBDBBEEEBDDDBDDCCCDCDDCEEBBDCECDDBEECDBDCEEEEC
151;0.0;BECEEEBBDBEBDBBBDBBEEEBDDDBDDCCCDCDDCEEBBDCECDDBEECDBDCEEEECD!
152;0.0;BECEEEBBDBEBDBBBDBBEEEBDDDBDDCCCDCDDCEEBBDCECDDBEECDBDCEEEEC
153;0.0;BECEEEBBDBEBDBBBDBBEEEBDDDBDDCCCDCDDCEEBBDCECDDBEECDBDCEEEEC
154;0.0;BECEEEBBDBEBDBBBDBBEEEBDDDBDDCCCDCDDCEEBBDCECDDBEECDBDCEEEEC
155;0.0;BECEEEBBDBEBDBBBDBBEEEBDDDBDDCCCDCDDCEEBBDCECDDBEECDBDCEEEECD!
156;0.0;BECEEEBBDBEBDBBBDBBEEEBDDDBDDCCCDCDDCEEBBDCECDDBEECDBDCEEEEC
157;0.0;BECEEEBBDBEBDBBBDBBEEEBDDDBDDCCCDCDDCEEBBDCECDDBEECDBDCEEEEC
158;0.0;BECEEEBBDBEBDBBBDBBEEEBDDDBDDCCCDCDDCEEBBDCECDDBEECDBDCEEEEC
159;0.0;BECEEEBBDBEBDBBBDBBEEEBDDDBDDCCCDCDDCEEBBDCECDDBEECDBDCEEEEC
160;0.0;BECEEEBBDBEBDBBBDBBEEEBDDDBDDCCCDCDDCEEBBDCECDDBEECDBDCEEEEC
161;0.0;BECEEEBBDBEBDBBBDBBEEEBDDDBDDCCCDCDDCEEBBDCECDDBEECDBDCEEEECd
162;0.0;BECEEEBBDBEBDBBBDBBEEEBDDDBDDCCCDCDDCEEBBDCECDDBEECDBDCEEEEC
163;0.0;BECEEEBBDBEBDBBBDBBEEEBDDDBDDCCCDCDDCEEBBDCECDDBEECDBDCEEEECd
164;0.0;BECEEEBBDBEBDBBBDBBEEEBDDDBDDCCCDCDDCEEBBDCECDDBEECDBDCEEEEC
165;0.0;BECEEEBBDBEBDBBBDBBEEEBDDDBDDCCCDCDDCEEBBDCECDDBEECDBDCEEEEC
166;0.0;BECEEEBBDBEBDBBBDBBEEEBDDDBDDCCCDCDDCEEBBDCECDDBEECDBDCEEEECd
167;0.0;BECEEEBBDBEBDBBBDBBEEEBDDDBDDCCCDCDDCEEBBDCECDDBEECDBDCEEEEC
168;0.0;BECEEEBBDBEBDBBBDBBEEEBDDDBDDCCCDCDDCEEBBDCECDDBEECDBDCEEEEC
169;0.0;BECEEEBBDBEBDBBBDBBEEEBDDDBDDCCCDCDDCEEBBDCECDDBEECDBDCEEEEC
170;0.0;BECEEEBBDBEBDBBBDBBEEEBDDDBDDCCCDCDDCEEBBDCECDDBEECDBDCEEEEC
171;0.0;BECEEEBBDBEBDBBBDBBEEEBDDDBDDCCCDCDDCEEBBDCECDDBEECDBDCEEEECE"
172;0.0;BECEEEBBDBEBDBBBDBBEEEBDDDBDDCCCDCDDCEEBBDCECDDBEECDBDCEEEECd
173;0.0;BECEEEBBDBEBDBBBDBBEEEBDDDBDDCCCDCDDCEEBBDCECDDBEECDBDCEEEECh
174;0.0;BECEEEBBDBEBDBBBDBBEEEBDDDBDDCCCDCDDCEEBBDCECDDBEECDBDCEEEECd
175;0.0;BECEEEBBDBEBDBBBDBBEEEBDDDBDDCCCDCDDCEEBBDCECDDBEECDBDCEEEEC
176;0.0;BECEEEBBDBEBDBBBDBBEEEBDDDBDDCCCDCDDCEEBBDCECDDBEECDBDCEEEEC
177;0.0;BECEEEBBDBEBDBBBDBBEEEBDDDBDDCCCDCDDCEEBBDCECDDBEECDBDCEEEEC(

178;0.0;BECEEEBBDBEBDBBBDBBEEEBDDDBDDCCCDCDDCEEBBDCECDDBEECDBDCEEEEC
179;0.0;BECEEEBBDBEBDBBBDBBEEEBDDDBDDCCCDCDDCEEBBDCECDDBEECDBDCEEEECp'—
180;0.0;BECEEEBBDBEBDBBBDBBEEEBDDDBDDCCCDCDDCEEBBDCECDDBEECDBDCEEEECd
181;0.0;BECEEEBBDBEBDBBBDBBEEEBDDDBDDCCCDCDDCEEBBDCECDDBEECDBDCEEEECd
182;0.0;BECEEEBBDBEBDBBBDBBEEEBDDDBDDCCCDCDDCEEBBDCECDDBEECDBDCEEEECd
183;0.0;BECEEEBBDBEBDBBBDBBEEEBDDDBDDCCCDCDDCEEBBDCECDDBEECDBDCEEEEC
184;0.0;BECEEEBBDBEBDBBBDBBEEEBDDDBDDCCCDCDDCEEBBDCECDDBEECDBDCEEEECd
185;0.0;BECEEEBBDBEBDBBBDBBEEEBDDDBDDCCCDCDDCEEBBDCECDDBEECDBDCEEEEC
186;0.0;BECEEEBBDBEBDBBBDBBEEEBDDDBDDCCCDCDDCEEBBDCECDDBEECDBDCEEEECD'
187;0.0;BECEEEBBDBEBDBBBDBBEEEBDDDBDDCCCDCDDCEEBBDCECDDBEECDBDCEEEECB$
188;0.0;BECEEEBBDBEBDBBBDBBEEEBDDDBDDCCCDCDDCEEBBDCECDDBEECDBDCEEEECd
189;0.0;BECEEEBBDBEBDBBBDBBEEEBDDDBDDCCCDCDDCEEBBDCECDDBEECDBDCEEEEC
190;0.0;BECEEEBBDBEBDBBBDBBEEEBDDDBDDCCCDCDDCEEBBDCECDDBEECDBDCEEEECP
191;0.0;BECEEEBBDBEBDBBBDBBEEEBDDDBDDCCCDCDDCEEBBDCECDDBEECDBDCEEEECD!
192;0.0;BECEEEBBDBEBDBBBDBBEEEBDDDBDDCCCDCDDCEEBBDCECDDBEECDBDCEEEEC»2
193;0.0;BECEEEBBDBEBDBBBDBBEEEBDDDBDDCCCDCDDCEEBBDCECDDBEECDBDCEEEEC
194;0.0;BECEEEBBDBEBDBBBDBBEEEBDDDBDDCCCDCDDCEEBBDCECDDBEECDBDCEEEEC
195;0.0;BECEEEBBDBEBDBBBDBBEEEBDDDBDDCCCDCDDCEEBBDCECDDBEECDBDCEEEECB%
196;0.0;BECEEEBBDBEBDBBBDBBEEEBDDDBDDCCCDCDDCEEBBDCECDDBEECDBDCEEEEC
197;0.0;BECEEEBBDBEBDBBBDBBEEEBDDDBDDCCCDCDDCEEBBDCECDDBEECDBDCEEEECd
198;0.0;BECEEEBBDBEBDBBBDBBEEEBDDDBDDCCCDCDDCEEBBDCECDDBEECDBDCEEEECÄ
199;0.0;BECEEEBBDBEBDBBBDBBEEEBDDDBDDCCCDCDDCEEBBDCECDDBEECDBDCEEEEC
200;0.0;BECEEEBBDBEBDBBBDBBEEEBDDDBDDCCCDCDDCEEBBDCECDDBEECDBDCEEEECd
201;0.0;BECEEEBBDBEBDBBBDBBEEEBDDDBDDCCCDCDDCEEBBDCECDDBEECDBDCEEEEC

202;0.0;BECEEEBBDBEBDBBBDBBEEEBDDDBDDCCCDCDDCEEBBDCECDDBEECDBDCEEEECê —
203;0.0;BECEEEBBDBEBDBBBDBBEEEBDDDBDDCCCDCDDCEEBBDCECDDBEECDBDCEEEECd
204;0.0;BECEEEBBDBEBDBBBDBBEEEBDDDBDDCCCDCDDCEEBBDCECDDBEECDBDCEEEEC
205;0.0;BECEEEBBDBEBDBBBDBBEEEBDDDBDDCCCDCDDCEEBBDCECDDBEECDBDCEEEEC–#
206;0.0;BECEEEBBDBEBDBBBDBBEEEBDDDBDDCCCDCDDCEEBBDCECDDBEECDBDCEEEEC
207;0.0;BECEEEBBDBEBDBBBDBBEEEBDDDBDDCCCDCDDCEEBBDCECDDBEECDBDCEEEECd
208;0.0;BECEEEBBDBEBDBBBDBBEEEBDDDBDDCCCDCDDCEEBBDCECDDBEECDBDCEEEEC
209;0.0;BECEEEBBDBEBDBBBDBBEEEBDDDBDDCCCDCDDCEEBBDCECDDBEECDBDCEEEECH
210;0.0;BECEEEBBDBEBDBBBDBBEEEBDDDBDDCCCDCDDCEEBBDCECDDBEECDBDCEEEECd
211;0.0;BECEEEBBDBEBDBBBDBBEEEBDDDBDDCCCDCDDCEEBBDCECDDBEECDBDCEEEEC
212;0.0;BECEEEBBDBEBDBBBDBBEEEBDDDBDDCCCDCDDCEEBBDCECDDBEECDBDCEEEEC
213;0.0;BECEEEBBDBEBDBBBDBBEEEBDDDBDDCCCDCDDCEEBBDCECDDBEECDBDCEEEEC
214;0.0;BECEEEBBDBEBDBBBDBBEEEBDDDBDDCCCDCDDCEEBBDCECDDBEECDBDCEEEECp'—
215;0.0;BECEEEBBDBEBDBBBDBBEEEBDDDBDDCCCDCDDCEEBBDCECDDBEECDBDCEEEEC
216;0.0;BECEEEBBDBEBDBBBDBBEEEBDDDBDDCCCDCDDCEEBBDCECDDBEECDBDCEEEEC
217;0.0;BECEEEBBDBEBDBBBDBBEEEBDDDBDDCCCDCDDCEEBBDCECDDBEECDBDCEEEEC
218;0.0;BECEEEBBDBEBDBBBDBBEEEBDDDBDDCCCDCDDCEEBBDCECDDBEECDBDCEEEEC
219;0.0;BECEEEBBDBEBDBBBDBBEEEBDDDBDDCCCDCDDCEEBBDCECDDBEECDBDCEEEEC
220;0.0;BECEEEBBDBEBDBBBDBBEEEBDDDBDDCCCDCDDCEEBBDCECDDBEECDBDCEEEECd
221;0.0;BECEEEBBDBEBDBBBDBBEEEBDDDBDDCCCDCDDCEEBBDCECDDBEECDBDCEEEEC86
222;0.0;BECEEEBBDBEBDBBBDBBEEEBDDDBDDCCCDCDDCEEBBDCECDDBEECDBDCEEEEC
223;0.0;BECEEEBBDBEBDBBBDBBEEEBDDDBDDCCCDCDDCEEBBDCECDDBEECDBDCEEEECd
224;0.0;BECEEEBBDBEBDBBBDBBEEEBDDDBDDCCCDCDDCEEBBDCECDDBEECDBDCEEEECd
225;0.0;BECEEEBBDBEBDBBBDBBEEEBDDDBDDCCCDCDDCEEBBDCECDDBEECDBDCEEEECd
226;0.0;BECEEEBBDBEBDBBBDBBEEEBDDDBDDCCCDCDDCEEBBDCECDDBEECDBDCEEEEC
227;0.0;BECEEEBBDBEBDBBBDBBEEEBDDDBDDCCCDCDDCEEBBDCECDDBEECDBDCEEEEC
228;0.0;BECEEEBBDBEBDBBBDBBEEEBDDDBDDCCCDCDDCEEBBDCECDDBEECDBDCEEEEC
229;0.0;BECEEEBBDBEBDBBBDBBEEEBDDDBDDCCCDCDDCEEBBDCECDDBEECDBDCEEEEC
230;0.0;BECEEEBBDBEBDBBBDBBEEEBDDDBDDCCCDCDDCEEBBDCECDDBEECDBDCEEEEC
231;0.0;BECEEEBBDBEBDBBBDBBEEEBDDDBDDCCCDCDDCEEBBDCECDDBEECDBDCEEEEC/—
232;0.0;BECEEEBBDBEBDBBBDBBEEEBDDDBDDCCCDCDDCEEBBDCECDDBEECDBDCEEEEC
233;0.0;BECEEEBBDBEBDBBBDBBEEEBDDDBDDCCCDCDDCEEBBDCECDDBEECDBDCEEEEC
234;0.0;BECEEEBBDBEBDBBBDBBEEEBDDDBDDCCCDCDDCEEBBDCECDDBEECDBDCEEEEC.—
235;0.0;BECEEEBBDBEBDBBBDBBEEEBDDDBDDCCCDCDDCEEBBDCECDDBEECDBDCEEEEC
236;0.0;BECEEEBBDBEBDBBBDBBEEEBDDDBDDCCCDCDDCEEBBDCECDDBEECDBDCEEEEC
237;0.0;BECEEEBBDBEBDBBBDBBEEEBDDDBDDCCCDCDDCEEBBDCECDDBEECDBDCEEEEC
238;0.0;BECEEEBBDBEBDBBBDBBEEEBDDDBDDCCCDCDDCEEBBDCECDDBEECDBDCEEEECP
239;0.0;BECEEEBBDBEBDBBBDBBEEEBDDDBDDCCCDCDDCEEBBDCECDDBEECDBDCEEEECd
240;0.0;BECEEEBBDBEBDBBBDBBEEEBDDDBDDCCCDCDDCEEBBDCECDDBEECDBDCEEEECh
241;0.0;BECEEEBBDBEBDBBBDBBEEEBDDDBDDCCCDCDDCEEBBDCECDDBEECDBDCEEEECd
242;0.0;BECEEEBBDBEBDBBBDBBEEEBDDDBDDCCCDCDDCEEBBDCECDDBEECDBDCEEEECd
243;0.0;BECEEEBBDBEBDBBBDBBEEEBDDDBDDCCCDCDDCEEBBDCECDDBEECDBDCEEEEC
244;0.0;BECEEEBBDBEBDBBBDBBEEEBDDDBDDCCCDCDDCEEBBDCECDDBEECDBDCEEEECH7
245;0.0;BECEEEBBDBEBDBBBDBBEEEBDDDBDDCCCDCDDCEEBBDCECDDBEECDBDCEEEEC8-
246;0.0;BECEEEBBDBEBDBBBDBBEEEBDDDBDDCCCDCDDCEEBBDCECDDBEECDBDCEEEEC8
247;0.0;BECEEEBBDBEBDBBBDBBEEEBDDDBDDCCCDCDDCEEBBDCECDDBEECDBDCEEEEC
248;0.0;BECEEEBBDBEBDBBBDBBEEEBDDDBDDCCCDCDDCEEBBDCECDDBEECDBDCEEEEC`
249;0.0;BECEEEBBDBEBDBBBDBBEEEBDDDBDDCCCDCDDCEEBBDCECDDBEECDBDCEEEEC,
250;0.0;BECEEEBBDBEBDBBBDBBEEEBDDDBDDCCCDCDDCEEBBDCECDDBEECDBDCEEEECd
251;0.0;BECEEEBBDBEBDBBBDBBEEEBDDDBDDCCCDCDDCEEBBDCECDDBEECDBDCEEEEC
252;0.0;BECEEEBBDBEBDBBBDBBEEEBDDDBDDCCCDCDDCEEBBDCECDDBEECDBDCEEEEC‡
253;0.0;BECEEEBBDBEBDBBBDBBEEEBDDDBDDCCCDCDDCEEBBDCECDDBEECDBDCEEEEC
254;0.0;BECEEEBBDBEBDBBBDBBEEEBDDDBDDCCCDCDDCEEBBDCECDDBEECDBDCEEEEC
255;0.0;BECEEEBBDBEBDBBBDBBEEEBDDDBDDCCCDCDDCEEBBDCECDDBEECDBDCEEEEC
256;0.0;BECEEEBBDBEBDBBBDBBEEEBDDDBDDCCCDCDDCEEBBDCECDDBEECDBDCEEEEC
257;0.0;BECEEEBBDBEBDBBBDBBEEEBDDDBDDCCCDCDDCEEBBDCECDDBEECDBDCEEEEC(

258;0.0;BECEEEBBDBEBDBBBDBBEEEBDDDBDDCCCDCDDCEEBBDCECDDBEECDBDCEEEEC
259;0.0;BECEEEBBDBEBDBBBDBBEEEBDDDBDDCCCDCDDCEEBBDCECDDBEECDBDCEEEEC8
260;0.0;BECEEEBBDBEBDBBBDBBEEEBDDDBDDCCCDCDDCEEBBDCECDDBEECDBDCEEEEC
261;0.0;BECEEEBBDBEBDBBBDBBEEEBDDDBDDCCCDCDDCEEBBDCECDDBEECDBDCEEEEC
262;0.0;BECEEEBBDBEBDBBBDBBEEEBDDDBDDCCCDCDDCEEBBDCECDDBEECDBDCEEEECE&
263;0.0;BECEEEBBDBEBDBBBDBBEEEBDDDBDDCCCDCDDCEEBBDCECDDBEECDBDCEEEEC
264;0.0;BECEEEBBDBEBDBBBDBBEEEBDDDBDDCCCDCDDCEEBBDCECDDBEECDBDCEEEEC
265;0.0;BECEEEBBDBEBDBBBDBBEEEBDDDBDDCCCDCDDCEEBBDCECDDBEECDBDCEEEECd
266;0.0;BECEEEBBDBEBDBBBDBBEEEBDDDBDDCCCDCDDCEEBBDCECDDBEECDBDCEEEEC0
267;0.0;BECEEEBBDBEBDBBBDBBEEEBDDDBDDCCCDCDDCEEBBDCECDDBEECDBDCEEEEC
268;0.0;BECEEEBBDBEBDBBBDBBEEEBDDDBDDCCCDCDDCEEBBDCECDDBEECDBDCEEEEC
269;0.0;BECEEEBBDBEBDBBBDBBEEEBDDDBDDCCCDCDDCEEBBDCECDDBEECDBDCEEEECd
270;0.0;BECEEEBBDBEBDBBBDBBEEEBDDDBDDCCCDCDDCEEBBDCECDDBEECDBDCEEEECd
271;0.0;BECEEEBBDBEBDBBBDBBEEEBDDDBDDCCCDCDDCEEBBDCECDDBEECDBDCEEEECB%
272;0.0;BECEEEBBDBEBDBBBDBBEEEBDDDBDDCCCDCDDCEEBBDCECDDBEECDBDCEEEECd$
273;0.0;BECEEEBBDBEBDBBBDBBEEEBDDDBDDCCCDCDDCEEBBDCECDDBEECDBDCEEEEC
274;0.0;BECEEEBBDBEBDBBBDBBEEEBDDDBDDCCCDCDDCEEBBDCECDDBEECDBDCEEEECò'—
275;0.0;BECEEEBBDBEBDBBBDBBEEEBDDDBDDCCCDCDDCEEBBDCECDDBEECDBDCEEEEC
276;0.0;BECEEEBBDBEBDBBBDBBEEEBDDDBDDCCCDCDDCEEBBDCECDDBEECDBDCEEEECH7
277;0.0;BECEEEBBDBEBDBBBDBBEEEBDDDBDDCCCDCDDCEEBBDCECDDBEECDBDCEEEEC
278;0.0;BECEEEBBDBEBDBBBDBBEEEBDDDBDDCCCDCDDCEEBBDCECDDBEECDBDCEEEECd
279;0.0;BECEEEBBDBEBDBBBDBBEEEBDDDBDDCCCDCDDCEEBBDCECDDBEECDBDCEEEEC
280;0.0;BECEEEBBDBEBDBBBDBBEEEBDDDBDDCCCDCDDCEEBBDCECDDBEECDBDCEEEEC
281;0.0;BECEEEBBDBEBDBBBDBBEEEBDDDBDDCCCDCDDCEEBBDCECDDBEECDBDCEEEEC
282;0.0;BECEEEBBDBEBDBBBDBBEEEBDDDBDDCCCDCDDCEEBBDCECDDBEECDBDCEEEEC
283;0.0;BECEEEBBDBEBDBBBDBBEEEBDDDBDDCCCDCDDCEEBBDCECDDBEECDBDCEEEEC
284;0.0;BECEEEBBDBEBDBBBDBBEEEBDDDBDDCCCDCDDCEEBBDCECDDBEECDBDCEEEEC
285;0.0;BECEEEBBDBEBDBBBDBBEEEBDDDBDDCCCDCDDCEEBBDCECDDBEECDBDCEEEEC
286;0.0;BECEEEBBDBEBDBBBDBBEEEBDDDBDDCCCDCDDCEEBBDCECDDBEECDBDCEEEECd
287;0.0;BECEEEBBDBEBDBBBDBBEEEBDDDBDDCCCDCDDCEEBBDCECDDBEECDBDCEEEEC
288;0.0;BECEEEBBDBEBDBBBDBBEEEBDDDBDDCCCDCDDCEEBBDCECDDBEECDBDCEEEEC
289;0.0;BECEEEBBDBEBDBBBDBBEEEBDDDBDDCCCDCDDCEEBBDCECDDBEECDBDCEEEEC8-
290;0.0;BECEEEBBDBEBDBBBDBBEEEBDDDBDDCCCDCDDCEEBBDCECDDBEECDBDCEEEEC
291;0.0;BECEEEBBDBEBDBBBDBBEEEBDDDBDDCCCDCDDCEEBBDCECDDBEECDBDCEEEEC
292;0.0;BECEEEBBDBEBDBBBDBBEEEBDDDBDDCCCDCDDCEEBBDCECDDBEECDBDCEEEEC
293;0.0;BECEEEBBDBEBDBBBDBBEEEBDDDBDDCCCDCDDCEEBBDCECDDBEECDBDCEEEEC
294;0.0;BECEEEBBDBEBDBBBDBBEEEBDDDBDDCCCDCDDCEEBBDCECDDBEECDBDCEEEEC¨Sã^d4
295;0.0;BECEEEBBDBEBDBBBDBBEEEBDDDBDDCCCDCDDCEEBBDCECDDBEECDBDCEEEEC
296;0.0;BECEEEBBDBEBDBBBDBBEEEBDDDBDDCCCDCDDCEEBBDCECDDBEECDBDCEEEEC
297;0.0;BECEEEBBDBEBDBBBDBBEEEBDDDBDDCCCDCDDCEEBBDCECDDBEECDBDCEEEEC
298;0.0;BECEEEBBDBEBDBBBDBBEEEBDDDBDDCCCDCDDCEEBBDCECDDBEECDBDCEEEECE&
299;0.0;BECEEEBBDBEBDBBBDBBEEEBDDDBDDCCCDCDDCEEBBDCECDDBEECDBDCEEEECd
300;0.0;BECEEEBBDBEBDBBBDBBEEEBDDDBDDCCCDCDDCEEBBDCECDDBEECDBDCEEEEC
301;0.0;BECEEEBBDBEBDBBBDBBEEEBDDDBDDCCCDCDDCEEBBDCECDDBEECDBDCEEEEC
302;0.0;BECEEEBBDBEBDBBBDBBEEEBDDDBDDCCCDCDDCEEBBDCECDDBEECDBDCEEEECB%
303;0.0;BECEEEBBDBEBDBBBDBBEEEBDDDBDDCCCDCDDCEEBBDCECDDBEECDBDCEEEEC8
304;0.0;BECEEEBBDBEBDBBBDBBEEEBDDDBDDCCCDCDDCEEBBDCECDDBEECDBDCEEEECd
305;0.0;BECEEEBBDBEBDBBBDBBEEEBDDDBDDCCCDCDDCEEBBDCECDDBEECDBDCEEEEC
306;0.0;BECEEEBBDBEBDBBBDBBEEEBDDDBDDCCCDCDDCEEBBDCECDDBEECDBDCEEEEC
307;0.0;BECEEEBBDBEBDBBBDBBEEEBDDDBDDCCCDCDDCEEBBDCECDDBEECDBDCEEEECD!
308;0.0;BECEEEBBDBEBDBBBDBBEEEBDDDBDDCCCDCDDCEEBBDCECDDBEECDBDCEEEEC,
309;0.0;BECEEEBBDBEBDBBBDBBEEEBDDDBDDCCCDCDDCEEBBDCECDDBEECDBDCEEEEC

310;0.0;BECEEEBBDBEBDBBBDBBEEEBDDDBDDCCCDCDDCEEBBDCECDDBEECDBDCEEEECC 
311;0.0;BECEEEBBDBEBDBBBDBBEEEBDDDBDDCCCDCDDCEEBBDCECDDBEECDBDCEEEEC
312;0.0;BECEEEBBDBEBDBBBDBBEEEBDDDBDDCCCDCDDCEEBBDCECDDBEECDBDCEEEEC‡
313;0.0;BECEEEBBDBEBDBBBDBBEEEBDDDBDDCCCDCDDCEEBBDCECDDBEECDBDCEEEEC
314;0.0;BECEEEBBDBEBDBBBDBBEEEBDDDBDDCCCDCDDCEEBBDCECDDBEECDBDCEEEECS   ÒS¸^d/
315;0.0;BECEEEBBDBEBDBBBDBBEEEBDDDBDDCCCDCDDCEEBBDCECDDBEECDBDCEEEEC
316;0.0;BECEEEBBDBEBDBBBDBBEEEBDDDBDDCCCDCDDCEEBBDCECDDBEECDBDCEEEECH
317;0.0;BECEEEBBDBEBDBBBDBBEEEBDDDBDDCCCDCDDCEEBBDCECDDBEECDBDCEEEEC
318;0.0;BECEEEBBDBEBDBBBDBBEEEBDDDBDDCCCDCDDCEEBBDCECDDBEECDBDCEEEEC
319;0.0;BECEEEBBDBEBDBBBDBBEEEBDDDBDDCCCDCDDCEEBBDCECDDBEECDBDCEEEECd
320;0.0;BECEEEBBDBEBDBBBDBBEEEBDDDBDDCCCDCDDCEEBBDCECDDBEECDBDCEEEEC
321;0.0;BECEEEBBDBEBDBBBDBBEEEBDDDBDDCCCDCDDCEEBBDCECDDBEECDBDCEEEEC
322;0.0;BECEEEBBDBEBDBBBDBBEEEBDDDBDDCCCDCDDCEEBBDCECDDBEECDBDCEEEECd
323;0.0;BECEEEBBDBEBDBBBDBBEEEBDDDBDDCCCDCDDCEEBBDCECDDBEECDBDCEEEEC
324;0.0;BECEEEBBDBEBDBBBDBBEEEBDDDBDDCCCDCDDCEEBBDCECDDBEECDBDCEEEEC∞
325;0.0;BECEEEBBDBEBDBBBDBBEEEBDDDBDDCCCDCDDCEEBBDCECDDBEECDBDCEEEECH
326;0.0;BECEEEBBDBEBDBBBDBBEEEBDDDBDDCCCDCDDCEEBBDCECDDBEECDBDCEEEEC
327;0.0;BECEEEBBDBEBDBBBDBBEEEBDDDBDDCCCDCDDCEEBBDCECDDBEECDBDCEEEEC`#—
328;0.0;BECEEEBBDBEBDBBBDBBEEEBDDDBDDCCCDCDDCEEBBDCECDDBEECDBDCEEEEC
329;0.0;BECEEEBBDBEBDBBBDBBEEEBDDDBDDCCCDCDDCEEBBDCECDDBEECDBDCEEEEC
330;0.0;BECEEEBBDBEBDBBBDBBEEEBDDDBDDCCCDCDDCEEBBDCECDDBEECDBDCEEEEC–&—
331;0.0;BECEEEBBDBEBDBBBDBBEEEBDDDBDDCCCDCDDCEEBBDCECDDBEECDBDCEEEEC`#—
332;0.0;BECEEEBBDBEBDBBBDBBEEEBDDDBDDCCCDCDDCEEBBDCECDDBEECDBDCEEEEC

333;0.0;BECEEEBBDBEBDBBBDBBEEEBDDDBDDCCCDCDDCEEBBDCECDDBEECDBDCEEEEC
334;0.0;BECEEEBBDBEBDBBBDBBEEEBDDDBDDCCCDCDDCEEBBDCECDDBEECDBDCEEEECE&
335;0.0;BECEEEBBDBEBDBBBDBBEEEBDDDBDDCCCDCDDCEEBBDCECDDBEECDBDCEEEEC8
336;0.0;BECEEEBBDBEBDBBBDBBEEEBDDDBDDCCCDCDDCEEBBDCECDDBEECDBDCEEEEC
337;0.0;BECEEEBBDBEBDBBBDBBEEEBDDDBDDCCCDCDDCEEBBDCECDDBEECDBDCEEEECd$
338;0.0;BECEEEBBDBEBDBBBDBBEEEBDDDBDDCCCDCDDCEEBBDCECDDBEECDBDCEEEEC
339;0.0;BECEEEBBDBEBDBBBDBBEEEBDDDBDDCCCDCDDCEEBBDCECDDBEECDBDCEEEEC
340;0.0;BECEEEBBDBEBDBBBDBBEEEBDDDBDDCCCDCDDCEEBBDCECDDBEECDBDCEEEEC
341;0.0;BECEEEBBDBEBDBBBDBBEEEBDDDBDDCCCDCDDCEEBBDCECDDBEECDBDCEEEEC

342;0.0;BECEEEBBDBEBDBBBDBBEEEBDDDBDDCCCDCDDCEEBBDCECDDBEECDBDCEEEECP
343;0.0;BECEEEBBDBEBDBBBDBBEEEBDDDBDDCCCDCDDCEEBBDCECDDBEECDBDCEEEEC
344;0.0;BECEEEBBDBEBDBBBDBBEEEBDDDBDDCCCDCDDCEEBBDCECDDBEECDBDCEEEEC86
345;0.0;BECEEEBBDBEBDBBBDBBEEEBDDDBDDCCCDCDDCEEBBDCECDDBEECDBDCEEEEC8-
346;0.0;BECEEEBBDBEBDBBBDBBEEEBDDDBDDCCCDCDDCEEBBDCECDDBEECDBDCEEEECx$—
347;0.0;BECEEEBBDBEBDBBBDBBEEEBDDDBDDCCCDCDDCEEBBDCECDDBEECDBDCEEEEC
348;0.0;BECEEEBBDBEBDBBBDBBEEEBDDDBDDCCCDCDDCEEBBDCECDDBEECDBDCEEEECd
349;0.0;BECEEEBBDBEBDBBBDBBEEEBDDDBDDCCCDCDDCEEBBDCECDDBEECDBDCEEEEC
350;0.0;BECEEEBBDBEBDBBBDBBEEEBDDDBDDCCCDCDDCEEBBDCECDDBEECDBDCEEEEC
351;0.0;BECEEEBBDBEBDBBBDBBEEEBDDDBDDCCCDCDDCEEBBDCECDDBEECDBDCEEEEC
352;0.0;BECEEEBBDBEBDBBBDBBEEEBDDDBDDCCCDCDDCEEBBDCECDDBEECDBDCEEEEC(

353;0.0;BECEEEBBDBEBDBBBDBBEEEBDDDBDDCCCDCDDCEEBBDCECDDBEECDBDCEEEECh
354;0.0;BECEEEBBDBEBDBBBDBBEEEBDDDBDDCCCDCDDCEEBBDCECDDBEECDBDCEEEECC#
355;0.0;BECEEEBBDBEBDBBBDBBEEEBDDDBDDCCCDCDDCEEBBDCECDDBEECDBDCEEEECD!
356;0.0;BECEEEBBDBEBDBBBDBBEEEBDDDBDDCCCDCDDCEEBBDCECDDBEECDBDCEEEEC
357;0.0;BECEEEBBDBEBDBBBDBBEEEBDDDBDDCCCDCDDCEEBBDCECDDBEECDBDCEEEEC
358;0.0;BECEEEBBDBEBDBBBDBBEEEBDDDBDDCCCDCDDCEEBBDCECDDBEECDBDCEEEECD'
359;0.0;BECEEEBBDBEBDBBBDBBEEEBDDDBDDCCCDCDDCEEBBDCECDDBEECDBDCEEEEC
360;0.0;BECEEEBBDBEBDBBBDBBEEEBDDDBDDCCCDCDDCEEBBDCECDDBEECDBDCEEEECd
361;0.0;BECEEEBBDBEBDBBBDBBEEEBDDDBDDCCCDCDDCEEBBDCECDDBEECDBDCEEEEC86
362;0.0;BECEEEBBDBEBDBBBDBBEEEBDDDBDDCCCDCDDCEEBBDCECDDBEECDBDCEEEEC
363;0.0;BECEEEBBDBEBDBBBDBBEEEBDDDBDDCCCDCDDCEEBBDCECDDBEECDBDCEEEEC
364;0.0;BECEEEBBDBEBDBBBDBBEEEBDDDBDDCCCDCDDCEEBBDCECDDBEECDBDCEEEECd$
365;0.0;BECEEEBBDBEBDBBBDBBEEEBDDDBDDCCCDCDDCEEBBDCECDDBEECDBDCEEEEC‡
366;0.0;BECEEEBBDBEBDBBBDBBEEEBDDDBDDCCCDCDDCEEBBDCECDDBEECDBDCEEEEC
367;0.0;BECEEEBBDBEBDBBBDBBEEEBDDDBDDCCCDCDDCEEBBDCECDDBEECDBDCEEEEC`#—
368;0.0;BECEEEBBDBEBDBBBDBBEEEBDDDBDDCCCDCDDCEEBBDCECDDBEECDBDCEEEEC
369;0.0;BECEEEBBDBEBDBBBDBBEEEBDDDBDDCCCDCDDCEEBBDCECDDBEECDBDCEEEEC
370;0.0;BECEEEBBDBEBDBBBDBBEEEBDDDBDDCCCDCDDCEEBBDCECDDBEECDBDCEEEEC
371;0.0;BECEEEBBDBEBDBBBDBBEEEBDDDBDDCCCDCDDCEEBBDCECDDBEECDBDCEEEECd
372;0.0;BECEEEBBDBEBDBBBDBBEEEBDDDBDDCCCDCDDCEEBBDCECDDBEECDBDCEEEECd
373;0.0;BECEEEBBDBEBDBBBDBBEEEBDDDBDDCCCDCDDCEEBBDCECDDBEECDBDCEEEEC
374;0.0;BECEEEBBDBEBDBBBDBBEEEBDDDBDDCCCDCDDCEEBBDCECDDBEECDBDCEEEECd
375;0.0;BECEEEBBDBEBDBBBDBBEEEBDDDBDDCCCDCDDCEEBBDCECDDBEECDBDCEEEEC
376;0.0;BECEEEBBDBEBDBBBDBBEEEBDDDBDDCCCDCDDCEEBBDCECDDBEECDBDCEEEEC
377;0.0;BECEEEBBDBEBDBBBDBBEEEBDDDBDDCCCDCDDCEEBBDCECDDBEECDBDCEEEEC
378;0.0;BECEEEBBDBEBDBBBDBBEEEBDDDBDDCCCDCDDCEEBBDCECDDBEECDBDCEEEEC
379;0.0;BECEEEBBDBEBDBBBDBBEEEBDDDBDDCCCDCDDCEEBBDCECDDBEECDBDCEEEEC
380;0.0;BECEEEBBDBEBDBBBDBBEEEBDDDBDDCCCDCDDCEEBBDCECDDBEECDBDCEEEEC
381;0.0;BECEEEBBDBEBDBBBDBBEEEBDDDBDDCCCDCDDCEEBBDCECDDBEECDBDCEEEECh
382;0.0;BECEEEBBDBEBDBBBDBBEEEBDDDBDDCCCDCDDCEEBBDCECDDBEECDBDCEEEECd
383;0.0;BECEEEBBDBEBDBBBDBBEEEBDDDBDDCCCDCDDCEEBBDCECDDBEECDBDCEEEEC
384;0.0;BECEEEBBDBEBDBBBDBBEEEBDDDBDDCCCDCDDCEEBBDCECDDBEECDBDCEEEEC
385;0.0;BECEEEBBDBEBDBBBDBBEEEBDDDBDDCCCDCDDCEEBBDCECDDBEECDBDCEEEEC
386;0.0;BECEEEBBDBEBDBBBDBBEEEBDDDBDDCCCDCDDCEEBBDCECDDBEECDBDCEEEEC
387;0.0;BECEEEBBDBEBDBBBDBBEEEBDDDBDDCCCDCDDCEEBBDCECDDBEECDBDCEEEEC
388;0.0;BECEEEBBDBEBDBBBDBBEEEBDDDBDDCCCDCDDCEEBBDCECDDBEECDBDCEEEEC
389;0.0;BECEEEBBDBEBDBBBDBBEEEBDDDBDDCCCDCDDCEEBBDCECDDBEECDBDCEEEEC
390;0.0;BECEEEBBDBEBDBBBDBBEEEBDDDBDDCCCDCDDCEEBBDCECDDBEECDBDCEEEEC
391;0.0;BECEEEBBDBEBDBBBDBBEEEBDDDBDDCCCDCDDCEEBBDCECDDBEECDBDCEEEECÄ
392;0.0;BECEEEBBDBEBDBBBDBBEEEBDDDBDDCCCDCDDCEEBBDCECDDBEECDBDCEEEEC
393;0.0;BECEEEBBDBEBDBBBDBBEEEBDDDBDDCCCDCDDCEEBBDCECDDBEECDBDCEEEECh
394;0.0;BECEEEBBDBEBDBBBDBBEEEBDDDBDDCCCDCDDCEEBBDCECDDBEECDBDCEEEECP
395;0.0;BECEEEBBDBEBDBBBDBBEEEBDDDBDDCCCDCDDCEEBBDCECDDBEECDBDCEEEECd
396;0.0;BECEEEBBDBEBDBBBDBBEEEBDDDBDDCCCDCDDCEEBBDCECDDBEECDBDCEEEEC(#
397;0.0;BECEEEBBDBEBDBBBDBBEEEBDDDBDDCCCDCDDCEEBBDCECDDBEECDBDCEEEEC
398;0.0;BECEEEBBDBEBDBBBDBBEEEBDDDBDDCCCDCDDCEEBBDCECDDBEECDBDCEEEEC
399;0.0;BECEEEBBDBEBDBBBDBBEEEBDDDBDDCCCDCDDCEEBBDCECDDBEECDBDCEEEEC8
400;0.0;BECEEEBBDBEBDBBBDBBEEEBDDDBDDCCCDCDDCEEBBDCECDDBEECDBDCEEEEC¸
401;0.0;BECEEEBBDBEBDBBBDBBEEEBDDDBDDCCCDCDDCEEBBDCECDDBEECDBDCEEEECd
402;0.0;BECEEEBBDBEBDBBBDBBEEEBDDDBDDCCCDCDDCEEBBDCECDDBEECDBDCEEEEC
403;0.0;BECEEEBBDBEBDBBBDBBEEEBDDDBDDCCCDCDDCEEBBDCECDDBEECDBDCEEEEC
404;0.0;BECEEEBBDBEBDBBBDBBEEEBDDDBDDCCCDCDDCEEBBDCECDDBEECDBDCEEEEC
405;0.0;BECEEEBBDBEBDBBBDBBEEEBDDDBDDCCCDCDDCEEBBDCECDDBEECDBDCEEEECh
406;0.0;BECEEEBBDBEBDBBBDBBEEEBDDDBDDCCCDCDDCEEBBDCECDDBEECDBDCEEEECd
407;0.0;BECEEEBBDBEBDBBBDBBEEEBDDDBDDCCCDCDDCEEBBDCECDDBEECDBDCEEEEC¨Sã^d4
408;0.0;BECEEEBBDBEBDBBBDBBEEEBDDDBDDCCCDCDDCEEBBDCECDDBEECDBDCEEEEC
409;0.0;BECEEEBBDBEBDBBBDBBEEEBDDDBDDCCCDCDDCEEBBDCECDDBEECDBDCEEEECd
410;0.0;BECEEEBBDBEBDBBBDBBEEEBDDDBDDCCCDCDDCEEBBDCECDDBEECDBDCEEEEC
411;0.0;BECEEEBBDBEBDBBBDBBEEEBDDDBDDCCCDCDDCEEBBDCECDDBEECDBDCEEEEC
412;0.0;BECEEEBBDBEBDBBBDBBEEEBDDDBDDCCCDCDDCEEBBDCECDDBEECDBDCEEEECd$
413;0.0;BECEEEBBDBEBDBBBDBBEEEBDDDBDDCCCDCDDCEEBBDCECDDBEECDBDCEEEEC
414;0.0;BECEEEBBDBEBDBBBDBBEEEBDDDBDDCCCDCDDCEEBBDCECDDBEECDBDCEEEECd
415;0.0;BECEEEBBDBEBDBBBDBBEEEBDDDBDDCCCDCDDCEEBBDCECDDBEECDBDCEEEEC
416;0.0;BECEEEBBDBEBDBBBDBBEEEBDDDBDDCCCDCDDCEEBBDCECDDBEECDBDCEEEEC
417;0.0;BECEEEBBDBEBDBBBDBBEEEBDDDBDDCCCDCDDCEEBBDCECDDBEECDBDCEEEECd$
418;0.0;BECEEEBBDBEBDBBBDBBEEEBDDDBDDCCCDCDDCEEBBDCECDDBEECDBDCEEEECê —
419;0.0;BECEEEBBDBEBDBBBDBBEEEBDDDBDDCCCDCDDCEEBBDCECDDBEECDBDCEEEECd
420;0.0;BECEEEBBDBEBDBBBDBBEEEBDDDBDDCCCDCDDCEEBBDCECDDBEECDBDCEEEEC`
421;0.0;BECEEEBBDBEBDBBBDBBEEEBDDDBDDCCCDCDDCEEBBDCECDDBEECDBDCEEEECd
422;0.0;BECEEEBBDBEBDBBBDBBEEEBDDDBDDCCCDCDDCEEBBDCECDDBEECDBDCEEEECD
423;0.0;BECEEEBBDBEBDBBBDBBEEEBDDDBDDCCCDCDDCEEBBDCECDDBEECDBDCEEEECB%
424;0.0;BECEEEBBDBEBDBBBDBBEEEBDDDBDDCCCDCDDCEEBBDCECDDBEECDBDCEEEEC
425;0.0;BECEEEBBDBEBDBBBDBBEEEBDDDBDDCCCDCDDCEEBBDCECDDBEECDBDCEEEEC
426;0.0;BECEEEBBDBEBDBBBDBBEEEBDDDBDDCCCDCDDCEEBBDCECDDBEECDBDCEEEECD
427;0.0;BECEEEBBDBEBDBBBDBBEEEBDDDBDDCCCDCDDCEEBBDCECDDBEECDBDCEEEEC
428;0.0;BECEEEBBDBEBDBBBDBBEEEBDDDBDDCCCDCDDCEEBBDCECDDBEECDBDCEEEEC
429;0.0;BECEEEBBDBEBDBBBDBBEEEBDDDBDDCCCDCDDCEEBBDCECDDBEECDBDCEEEEC,
430;0.0;BECEEEBBDBEBDBBBDBBEEEBDDDBDDCCCDCDDCEEBBDCECDDBEECDBDCEEEEC
431;0.0;BECEEEBBDBEBDBBBDBBEEEBDDDBDDCCCDCDDCEEBBDCECDDBEECDBDCEEEECd
432;0.0;BECEEEBBDBEBDBBBDBBEEEBDDDBDDCCCDCDDCEEBBDCECDDBEECDBDCEEEEC
433;0.0;BECEEEBBDBEBDBBBDBBEEEBDDDBDDCCCDCDDCEEBBDCECDDBEECDBDCEEEEC
434;0.0;BECEEEBBDBEBDBBBDBBEEEBDDDBDDCCCDCDDCEEBBDCECDDBEECDBDCEEEEC
435;0.0;BECEEEBBDBEBDBBBDBBEEEBDDDBDDCCCDCDDCEEBBDCECDDBEECDBDCEEEECd
436;0.0;BECEEEBBDBEBDBBBDBBEEEBDDDBDDCCCDCDDCEEBBDCECDDBEECDBDCEEEEC

437;0.0;BECEEEBBDBEBDBBBDBBEEEBDDDBDDCCCDCDDCEEBBDCECDDBEECDBDCEEEEC
438;0.0;BECEEEBBDBEBDBBBDBBEEEBDDDBDDCCCDCDDCEEBBDCECDDBEECDBDCEEEECd
439;0.0;BECEEEBBDBEBDBBBDBBEEEBDDDBDDCCCDCDDCEEBBDCECDDBEECDBDCEEEECd
440;0.0;BECEEEBBDBEBDBBBDBBEEEBDDDBDDCCCDCDDCEEBBDCECDDBEECDBDCEEEEC
441;0.0;BECEEEBBDBEBDBBBDBBEEEBDDDBDDCCCDCDDCEEBBDCECDDBEECDBDCEEEEC`(
442;0.0;BECEEEBBDBEBDBBBDBBEEEBDDDBDDCCCDCDDCEEBBDCECDDBEECDBDCEEEECC#
443;0.0;BECEEEBBDBEBDBBBDBBEEEBDDDBDDCCCDCDDCEEBBDCECDDBEECDBDCEEEECC 
444;0.0;BECEEEBBDBEBDBBBDBBEEEBDDDBDDCCCDCDDCEEBBDCECDDBEECDBDCEEEEC
445;0.0;BECEEEBBDBEBDBBBDBBEEEBDDDBDDCCCDCDDCEEBBDCECDDBEECDBDCEEEEC
446;0.0;BECEEEBBDBEBDBBBDBBEEEBDDDBDDCCCDCDDCEEBBDCECDDBEECDBDCEEEECË
447;0.0;BECEEEBBDBEBDBBBDBBEEEBDDDBDDCCCDCDDCEEBBDCECDDBEECDBDCEEEEC
448;0.0;BECEEEBBDBEBDBBBDBBEEEBDDDBDDCCCDCDDCEEBBDCECDDBEECDBDCEEEECd
449;0.0;BECEEEBBDBEBDBBBDBBEEEBDDDBDDCCCDCDDCEEBBDCECDDBEECDBDCEEEECd)
450;0.0;BECEEEBBDBEBDBBBDBBEEEBDDDBDDCCCDCDDCEEBBDCECDDBEECDBDCEEEEC
451;0.0;BECEEEBBDBEBDBBBDBBEEEBDDDBDDCCCDCDDCEEBBDCECDDBEECDBDCEEEEC
452;0.0;BECEEEBBDBEBDBBBDBBEEEBDDDBDDCCCDCDDCEEBBDCECDDBEECDBDCEEEEC
453;0.0;BECEEEBBDBEBDBBBDBBEEEBDDDBDDCCCDCDDCEEBBDCECDDBEECDBDCEEEEC
454;0.0;BECEEEBBDBEBDBBBDBBEEEBDDDBDDCCCDCDDCEEBBDCECDDBEECDBDCEEEEC
455;0.0;BECEEEBBDBEBDBBBDBBEEEBDDDBDDCCCDCDDCEEBBDCECDDBEECDBDCEEEECd
456;0.0;BECEEEBBDBEBDBBBDBBEEEBDDDBDDCCCDCDDCEEBBDCECDDBEECDBDCEEEEC
457;0.0;BECEEEBBDBEBDBBBDBBEEEBDDDBDDCCCDCDDCEEBBDCECDDBEECDBDCEEEEC
458;0.0;BECEEEBBDBEBDBBBDBBEEEBDDDBDDCCCDCDDCEEBBDCECDDBEECDBDCEEEECp'—
459;0.0;BECEEEBBDBEBDBBBDBBEEEBDDDBDDCCCDCDDCEEBBDCECDDBEECDBDCEEEEC
460;0.0;BECEEEBBDBEBDBBBDBBEEEBDDDBDDCCCDCDDCEEBBDCECDDBEECDBDCEEEEC
461;0.0;BECEEEBBDBEBDBBBDBBEEEBDDDBDDCCCDCDDCEEBBDCECDDBEECDBDCEEEEC
462;0.0;BECEEEBBDBEBDBBBDBBEEEBDDDBDDCCCDCDDCEEBBDCECDDBEECDBDCEEEEC
463;0.0;BECEEEBBDBEBDBBBDBBEEEBDDDBDDCCCDCDDCEEBBDCECDDBEECDBDCEEEECD
464;0.0;BECEEEBBDBEBDBBBDBBEEEBDDDBDDCCCDCDDCEEBBDCECDDBEECDBDCEEEEC
465;0.0;BECEEEBBDBEBDBBBDBBEEEBDDDBDDCCCDCDDCEEBBDCECDDBEECDBDCEEEEC
466;0.0;BECEEEBBDBEBDBBBDBBEEEBDDDBDDCCCDCDDCEEBBDCECDDBEECDBDCEEEEC
467;0.0;BECEEEBBDBEBDBBBDBBEEEBDDDBDDCCCDCDDCEEBBDCECDDBEECDBDCEEEECB%
468;0.0;BECEEEBBDBEBDBBBDBBEEEBDDDBDDCCCDCDDCEEBBDCECDDBEECDBDCEEEEC
469;0.0;BECEEEBBDBEBDBBBDBBEEEBDDDBDDCCCDCDDCEEBBDCECDDBEECDBDCEEEECd
470;0.0;BECEEEBBDBEBDBBBDBBEEEBDDDBDDCCCDCDDCEEBBDCECDDBEECDBDCEEEEC
471;0.0;BECEEEBBDBEBDBBBDBBEEEBDDDBDDCCCDCDDCEEBBDCECDDBEECDBDCEEEECd
472;0.0;BECEEEBBDBEBDBBBDBBEEEBDDDBDDCCCDCDDCEEBBDCECDDBEECDBDCEEEEC
473;0.0;BECEEEBBDBEBDBBBDBBEEEBDDDBDDCCCDCDDCEEBBDCECDDBEECDBDCEEEEC
474;0.0;BECEEEBBDBEBDBBBDBBEEEBDDDBDDCCCDCDDCEEBBDCECDDBEECDBDCEEEECd
475;0.0;BECEEEBBDBEBDBBBDBBEEEBDDDBDDCCCDCDDCEEBBDCECDDBEECDBDCEEEEC
476;0.0;BECEEEBBDBEBDBBBDBBEEEBDDDBDDCCCDCDDCEEBBDCECDDBEECDBDCEEEEC
477;0.0;BECEEEBBDBEBDBBBDBBEEEBDDDBDDCCCDCDDCEEBBDCECDDBEECDBDCEEEEC
478;0.0;BECEEEBBDBEBDBBBDBBEEEBDDDBDDCCCDCDDCEEBBDCECDDBEECDBDCEEEECP
479;0.0;BECEEEBBDBEBDBBBDBBEEEBDDDBDDCCCDCDDCEEBBDCECDDBEECDBDCEEEEC
480;0.0;BECEEEBBDBEBDBBBDBBEEEBDDDBDDCCCDCDDCEEBBDCECDDBEECDBDCEEEEC
481;0.0;BECEEEBBDBEBDBBBDBBEEEBDDDBDDCCCDCDDCEEBBDCECDDBEECDBDCEEEECd
482;0.0;BECEEEBBDBEBDBBBDBBEEEBDDDBDDCCCDCDDCEEBBDCECDDBEECDBDCEEEECC 
483;0.0;BECEEEBBDBEBDBBBDBBEEEBDDDBDDCCCDCDDCEEBBDCECDDBEECDBDCEEEECB
484;0.0;BECEEEBBDBEBDBBBDBBEEEBDDDBDDCCCDCDDCEEBBDCECDDBEECDBDCEEEEC
485;0.0;BECEEEBBDBEBDBBBDBBEEEBDDDBDDCCCDCDDCEEBBDCECDDBEECDBDCEEEEC
486;0.0;BECEEEBBDBEBDBBBDBBEEEBDDDBDDCCCDCDDCEEBBDCECDDBEECDBDCEEEECÄ
487;0.0;BECEEEBBDBEBDBBBDBBEEEBDDDBDDCCCDCDDCEEBBDCECDDBEECDBDCEEEECB%
488;0.0;BECEEEBBDBEBDBBBDBBEEEBDDDBDDCCCDCDDCEEBBDCECDDBEECDBDCEEEEC
489;0.0;BECEEEBBDBEBDBBBDBBEEEBDDDBDDCCCDCDDCEEBBDCECDDBEECDBDCEEEEC
490;0.0;BECEEEBBDBEBDBBBDBBEEEBDDDBDDCCCDCDDCEEBBDCECDDBEECDBDCEEEEC&—
491;0.0;BECEEEBBDBEBDBBBDBBEEEBDDDBDDCCCDCDDCEEBBDCECDDBEECDBDCEEEECd
492;0.0;BECEEEBBDBEBDBBBDBBEEEBDDDBDDCCCDCDDCEEBBDCECDDBEECDBDCEEEEC
493;0.0;BECEEEBBDBEBDBBBDBBEEEBDDDBDDCCCDCDDCEEBBDCECDDBEECDBDCEEEEC`(
494;0.0;BECEEEBBDBEBDBBBDBBEEEBDDDBDDCCCDCDDCEEBBDCECDDBEECDBDCEEEEC
495;0.0;BECEEEBBDBEBDBBBDBBEEEBDDDBDDCCCDCDDCEEBBDCECDDBEECDBDCEEEEC
496;0.0;BECEEEBBDBEBDBBBDBBEEEBDDDBDDCCCDCDDCEEBBDCECDDBEECDBDCEEEEC
497;0.0;BECEEEBBDBEBDBBBDBBEEEBDDDBDDCCCDCDDCEEBBDCECDDBEECDBDCEEEEC
498;0.0;BECEEEBBDBEBDBBBDBBEEEBDDDBDDCCCDCDDCEEBBDCECDDBEECDBDCEEEECD'
499;0.0;BECEEEBBDBEBDBBBDBBEEEBDDDBDDCCCDCDDCEEBBDCECDDBEECDBDCEEEEC
500;0.0;BECEEEBBDBEBDBBBDBBEEEBDDDBDDCCCDCDDCEEBBDCECDDBEECDBDCEEEEC
